id,created_at,swardspeak_words,translated_words,updated_at,deleted_at,word_contribution_id,definition,examples,part_of_speech
a2fe6cc5-cac7-4521-9594-d2bda8c9307c,2024-03-25 03:54:46.143707+00,"[""Fez"",""Peslock"",""Pesang""]","[""Mukha""]",2024-03-25 03:54:46.143707+00,,,"Tumutukoy sa bahagi ng katawan ng tao na nasa harapan ng ulo, kung saan matatagpuan ang mga mata, ilong, at bibig. Ito rin ay ginagamit upang ilarawan ang hitsura o anyo ng isang tao.","[""\""Ang feslak ni Juan ay puno ng ligaya at ngiti matapos niyang makamit ang kanyang pangarap.\""""]",noun
6ebf87db-a82b-4844-aa51-da831017bb2b,2024-03-25 03:41:44.563345+00,"[""Bongga""]","[""Enggrande""]",2024-03-25 03:41:44.563345+00,,,"Nangangahulugang magarbo, marangya, o malaki at kahanga-hanga. Ito ay karaniwang ginagamit upang ilarawan ang mga okasyon, handaan, o mga bagay na ipinapakita nang labis na karangyaan.","[""\""Naging bongga ang kasal nila Juan at Maria, kaya't maraming humanga sa ganda ng kanilang selebrasyon.\""""]",noun
dce80eb6-0045-48e0-b6f9-b629a76bbf64,2024-03-25 03:43:11.524059+00,"[""Bugarou"",""Yosi""]","[""Sigarilyo""]",2024-03-25 03:43:11.524059+00,,,"Isang maliit na silindro ng pinatuyong dahon ng tabako na nilalaman sa papel, na karaniwang sinusunog at hinihithit ng mga naninigarilyo.","[""\""Huwag kang mag-Bugarou sa loob ng bahay dahil masama ang epekto ng usok ng sigarilyo sa kalusugan.\""""]",noun
2cb52b5a-e858-40f6-99bf-bccdae12786c,2024-03-25 03:47:06.214035+00,"[""Check""]","[""Okay""]",2024-03-25 03:47:06.214035+00,,,"Isang pahayag na nagpapahayag ng pagsang-ayon, pag-apruba, o pagtanggap sa isang bagay. Maaari rin itong mangahulugang ""ayos,"" ""mabuti,"" o ""sige.""","[""\""Check lang sa akin kung gusto mong pumunta sa beach ngayong weekend.\""""]",noun
11db6498-a9b8-4fc1-9885-0761b7f2a1c8,2024-03-25 03:48:28.247638+00,"[""Chika"",""Chismaks"",""Chova""]","[""Tsismis""]",2024-03-25 03:48:28.247638+00,,,"Usap-usapan o balitang walang katiyakan ang katotohanan, karaniwang tungkol sa buhay ng ibang tao.","[""\""Maraming chismaks ang kumalat sa barangay tungkol sa bagong lipat na pamilya.\""""]",noun
ad8a68fa-eff7-4e56-bd76-c0965417f39d,2024-03-25 03:51:46.6461+00,"[""Dyosa"",""Quality Control"",""Gander""]","[""Maganda"",""Ganda""]",2024-03-25 03:51:46.6461+00,,,"Isang bagay, lugar, o tao na may kaakit-akit na anyo, kabuuan, o katangian. Ito ay nagpapahiwatig ng kagandahan, kaaya-aya, o kahalagahan.","[""\""Ang araw na ito ay magander ang panahon, kaya't maganda ring maglibot sa mga tanawin.\""""]",adjective
416d87b1-509b-4936-955c-9a3276fee4fe,2024-03-25 04:20:30.363217+00,"[""Kalurkey"",""Kaeklabuhan"",""Ek-Ek"",""Emote"",""Emma Thompson""]","[""Kaartehan""]",2024-03-25 04:20:30.363217+00,,,,[],
a9e1cbe8-b047-47e3-ae83-ff8f88a093dd,2024-03-25 03:56:23.004887+00,"[""Gibsung"",""Givenchy"",""Debbie Gibson"",""Janno Gibbs""]","[""Bigay""]",2024-03-25 03:56:23.004887+00,,,"Pagbibigay o paghahandog ng isang bagay sa iba. Ito ay maaaring maging regalo, tulong, o anumang bagay na ipinapaabot sa iba.","[""\""Ginibsung ni Ana ng bulaklak ang kanyang kaibigan bilang regalo sa kanyang kaarawan.\""""]",verb
bc7fb565-9160-45c0-9c2b-13a88cf3c573,2024-03-25 03:59:15.004176+00,"[""Hagardo Bersoza""]","[""Pagod na, Pangit pa""]",2024-03-25 03:59:15.004176+00,,,Idyomatikong pahayag na nangangahulugang ang isang tao ay mukhang pagod o napapagod at sa parehong oras ay hindi rin gaanong kaaya-aya sa paningin ng iba dahil sa hitsura. Ito ay nagpapakita ng kontrast sa pagitan ng pisikal na anyo at damdamin o kalagayan.,"[""\""Ang init! Hagardo Bersoza na tuloy ako.\""""]",adjective
f44a2c6b-59d7-415c-8bd8-a8aa62cb7d46,2024-03-25 04:18:51.941817+00,"[""Juwelya""]","[""Bumali, umuwi""]",2024-03-25 04:18:51.941817+00,,,,[],
8e640139-ce20-46fb-9487-af9981062370,2024-03-25 03:59:40.646458+00,"[""Havey""]","[""Pwede  Na""]",2024-03-25 03:59:40.646458+00,,,"Tumutukoy sa kaligayahan, kagalakan, o tuwa na nadarama ng isang tao sa isang partikular na sandali o pangyayari.","[""\""Havey ang joke na binitawan ni Lloyd.\""""]",noun
86914248-84a5-4e39-8ef1-5c8e87fe5fb3,2024-03-25 04:06:07.371331+00,"[""Ismelanie Marques""]","[""Amoy""]",2024-03-25 04:06:07.371331+00,,,Nagpapahiwatig ng hindi pagdating o hindi pagdalo ng isang tao sa isang naunang napagkasunduang lugar o okasyon. Ito ay madalas na nagdudulot ng panghihinayang o pagkadismaya sa mga nag-aabang.,"[""\""Pa-Ismelanie Marques nga ng pabango mo.\""""]",verb
ed8e7cea-a067-47ea-bf9f-e63ad06d3894,2024-03-25 04:22:03.867339+00,"[""Kuda""]","[""Magaling Magsalita""]",2024-03-25 04:22:03.867339+00,,,,[],
03313922-c3d5-4861-a74d-f26fcf7f5d05,2024-03-25 04:22:53.219746+00,"[""Kyogo""]","[""Bago""]",2024-03-25 04:22:53.219746+00,,,,[],
ee9f8864-cb68-4978-bf72-c59d62567ba7,2024-03-25 04:23:21.866637+00,"[""Lafang"",""Chibog""]","[""Kain""]",2024-03-25 04:23:21.866637+00,,,,[],
55599643-4252-4df3-b577-140911331d7a,2024-03-25 04:21:43.859397+00,"[""Keri"",""Keribels""]","[""Kaya""]",2024-03-25 04:21:43.859397+00,,,,[],
5c8c1063-8606-4c80-87dc-44365eacd2e1,2024-03-25 04:18:26.360289+00,"[""Jutaw"",""Ferson""]","["" Tao""]",2024-03-25 04:18:26.360289+00,,,,[],noun
60a69c95-2167-4fec-b7d2-3e35dc93a193,2024-03-25 03:34:04.70771+00,"[""Aketch"",""Akiz"",""Akizkiz"",""Akis""]","[""Ako""]",2024-03-25 03:34:04.70771+00,,," Isang panghalip panao na tumutukoy sa nagsasalita o sa kanyang sarili.","[""\""Aketch ang nagluto ng adobo na kinain natin kanina.\""""]",pronoun
cde5e624-32d2-461e-b708-bf649c0b380b,2024-03-25 03:36:36.639661+00,"[""Jinit""]","[""Init""]",2024-03-25 03:36:36.639661+00,,,,[],adjective
322b2cae-e5c6-4031-ab7d-8040a5bd33f2,2024-03-25 04:13:47.201438+00,"[""Jopatid"",""Syopatetels"",""Syopatembang"",""Shupatid""]","[""Kapatid""]",2024-03-25 04:13:47.201438+00,,,,[],noun
b0474e88-981e-46f1-9c56-60fe5b1abe5c,2024-03-25 04:06:27.810679+00,"[""Itetch"",""Itey"",""Itech""]","[""Ito""]",2024-03-25 04:06:27.810679+00,,,,[],pronoun
8ff3bd5e-798e-4991-9988-e34dc28faffa,2024-03-25 04:06:41.679422+00,"[""Janeth Napoles""]","[""Dumukot""]",2024-03-25 04:06:41.679422+00,,,,[],verb
7f6932d5-f016-4a7a-a7e1-aaf47e3aeded,2024-03-25 04:07:54.291523+00,"[""Jinglebelz"",""Jinglelarya"",""Jumingle""]","[""Umihi""]",2024-03-25 04:07:54.291523+00,,,,[],verb
a133d6e1-5c85-4f4e-a925-1d21cdd3f90d,2024-03-25 04:08:20.961874+00,"[""Jinojomit""]","[""Ginagamit""]",2024-03-25 04:08:20.961874+00,,,,[],verb
4a41eea8-d04f-4cdb-8364-7cfdccb73cf0,2024-03-25 04:09:57.956021+00,"[""Jontis"",""Preggie"",""Syontesils""]","[""Buntis""]",2024-03-25 04:09:57.956021+00,,,,[],adjective
016d4e92-6ffc-49f9-8ba1-10c392f85bb4,2024-03-25 04:14:52.709236+00,"[""Jotabelz"",""Batuta"",""Buko"",""Bagets"",""Kyota"",""Bataan""]","[""Bata""]",2024-03-25 04:14:52.709236+00,,,,[],noun
c34f3509-64e0-458a-ad83-90533280a405,2024-03-25 04:16:41.273347+00,"[""Julalay"",""Chimay"",""Alipores""]","[""Alalay""]",2024-03-25 04:16:41.273347+00,,,,[],noun
319d509e-eb9f-44e2-b034-ce392ed909ad,2024-03-25 04:15:22.662948+00,"[""Joyong""]","[""Payong""]",2024-03-25 04:15:22.662948+00,,,,[],noun
8b4b6ffb-6fc7-4606-840b-b42ce88adc75,2024-03-25 04:17:16.154196+00,"[""Jumbag""]","[""Suntukin""]",2024-03-25 04:17:16.154196+00,,,,[],verb
f38e3478-db81-4685-b7b7-c8eb8ecc739b,2024-03-25 06:54:13.493196+00,"[""Cynthia Luster""]","[""Hindi kilalang Tao""]",2024-03-25 06:54:13.493196+00,,,"Isang indibidwal na hindi pa nabibigyan ng pagkakakilanlan o hindi pa kilala ng karamihan. Ito ay maaaring isang bagong kakilala, isang estranghero, o isang hindi pamilyar na tao.","[""\""Cynthia Luster iyang kasama mo?\""""]",pronoun
dcfee016-f5f6-4c0a-8e64-af96649189c3,2024-03-25 06:40:08.612649+00,"[""Jubis"",""Juba"",""Chabelita""]","[""Mataba""]",2024-03-25 06:40:08.612649+00,,,,[],
ae6d46dc-d80b-4df2-98a3-2037c522f423,2024-03-25 04:27:16.849169+00,"[""Magna cum laude"",""Matudnila"",""Dorobo""]","[""Magnanakaw""]",2024-03-25 04:27:16.849169+00,,,,[],
45021af9-8f46-4cfe-9053-f39083630b30,2024-03-25 04:27:31.45189+00,"[""Majingjing""]","[""Maingay""]",2024-03-25 04:27:31.45189+00,,,,[],
946ff2d3-7a6c-4d3e-b9ab-01ee39dbaba8,2024-03-25 04:28:44.176712+00,"[""Majoho"",""Makyoko"",""Mahogany""]","[""Mabaho""]",2024-03-25 04:28:44.176712+00,,,,[],
3fd71074-d078-42b6-9789-c98fc1ca4f02,2024-03-25 04:30:28.337281+00,"[""Majopit""]","[""Maggupit""]",2024-03-25 04:30:28.337281+00,,,,[],
3b4fc0f8-0507-41d0-af31-03cb317cd2c4,2024-03-25 04:31:15.888792+00,"[""Malunggay""]","[""Taong may gusto sa babae at lalake""]",2024-03-25 04:31:15.888792+00,,,,[],
3e0e53a5-0e8c-4aff-bb85-27b92cf610a1,2024-03-25 06:48:11.755545+00,"[""Kaplang""]","[""Mali""]",2024-03-25 06:48:11.755545+00,,,,[],
5aae9356-cd0d-47af-8ee3-2cd7adb60588,2024-03-25 03:39:15.255522+00,"[""Babush"",""Baboo"",""Baboosh""]","[""Paalam""]",2024-03-25 03:39:15.255522+00,,,Isang salita na ginagamit upang magpaalam o magbigay ng hudyat ng pag-alis,"[""\""Bago umalis papuntang ibang bansa, nagbabush si Ana sa kanyang mga kaibigan at pamilya.\""""]",noun
ab9a22b5-9166-437e-8ddb-35a68f03f512,2024-03-25 04:39:03.298145+00,"[""Namesung""]","[""Pangalan""]",2024-03-25 04:39:03.298145+00,,,,[],
2e8d3b3b-f80d-4157-a996-1b81adc08055,2024-03-25 04:39:26.229403+00,"[""Nyoyop""]","[""Hayop""]",2024-03-25 04:39:26.229403+00,,,,[],
3fd3c37d-a703-4a98-9272-c4a020d1281e,2024-03-25 04:40:01.240407+00,"[""Okray"",""Inilaska""]","[""Lokohin"",""Asarin""]",2024-03-25 04:40:01.240407+00,,,,[],
2aed516c-5a72-48e7-9b62-b25116cbbb14,2024-03-25 04:40:43.621174+00,"[""Pagoda""]","[""Pagod""]",2024-03-25 04:40:43.621174+00,,,,[],
c7ea04f1-71ce-4548-a7bd-bb690b6d99f6,2024-03-25 04:43:45.494476+00,"[""Perla"",""Masyoti""]","[""Maputing Balat""]",2024-03-25 04:43:45.494476+00,,,,[],
a49a0918-04b9-4d2f-8559-416baabd52d1,2024-03-25 04:54:15.052095+00,"[""Rusty Lopez""]","[""Nagmamadali""]",2024-03-25 04:54:15.052095+00,,,,[],
c4ecec14-db1c-4134-91e4-8bea57b30ab0,2024-03-25 04:56:20.972048+00,"[""Sinetch"",""Sinetchelz"",""Cynthia""]","[""Sino""]",2024-03-25 04:56:20.972048+00,,,,[],
cdae7c28-93d8-4855-abc6-7c61bfeb2918,2024-03-25 05:46:57.026074+00,"[""Splok""]","[""Magsalita""]",2024-03-25 05:46:57.026074+00,,,,[],
9c4751df-41cc-41cc-9493-b03bb426a40f,2024-03-25 05:48:30.539481+00,"[""Syoboyo""]","[""Kabayo""]",2024-03-25 05:48:30.539481+00,,,,[],
5bd1c036-903b-45e5-9a2e-8f975dbf00a1,2024-03-25 04:45:50.022961+00,"[""Plangak"",""Amats"",""Korique"",""Tomo"",""Trulagen""]","[""Tama""]",2024-03-25 04:45:50.022961+00,,,,[],
7e3bb00e-b77b-44ba-87dd-ab24eeda0136,2024-03-25 07:04:06.185637+00,"[""Fatale""]","[""Sobra""]",2024-03-25 07:04:06.185637+00,,,"Nangangahulugang higit sa inaasahan o kailangan. Ito ay maaaring gamitin upang ilarawan ang sobrang dami, sobrang lakas, o sobrang layo ng isang bagay.","[""\""May fatale pang pagkain sa hapag kainan kaya't pwede pa nating ipamigay sa mga bisita.\""""]",adverb
77bd320c-35a2-4c16-bfad-c0056f05e9df,2024-03-25 06:47:11.848283+00,"[""Fayatollah Kumenis""]","[""Payat""]",2024-03-25 06:47:11.848283+00,,,"Tumutukoy sa isang tao na may kaunting timbang o hindi gaanong mataba. Ito ay kabaligtaran ng ""mataba.""","[""\""Si Maria ay fayatollah kumenis na babae subalit malakas at aktibo sa mga gawain sa paaralan.\""""]",adjective
d13d02d5-a09e-4c78-a26c-aa787ed985d6,2024-03-25 06:50:13.431385+00,"[""Regal Drama Hour"",""Maalaala mo Kaya""]","[""Nakakaiyak na kwento""]",2024-03-25 06:50:13.431385+00,,,,[],
56e07ad2-10c6-4e36-956d-7206107ca408,2024-03-25 06:51:14.34155+00,"[""Rica Peralejo""]","[""Mayaman""]",2024-03-25 06:51:14.34155+00,,,,[],
6e419493-36a9-4a4a-9782-2e11d4ae8679,2024-03-25 06:53:34.997143+00,"[""Klassmarurut""]","[""Classmate""]",2024-03-25 06:53:34.997143+00,,,,[],
65fbfc9c-4c6e-4cb5-a88b-5a7652c07eea,2024-03-25 06:57:25.705484+00,"[""Karir""]","[""Sineryoso ang isang bagay""]",2024-03-25 06:57:25.705484+00,,,,[],
bacc63b7-ccf5-4c87-8e94-3d9d39b2b556,2024-03-25 06:46:02.051491+00,"[""Morayta"",""Murriah Carey""]","[""Mura""]",2024-03-25 06:46:02.051491+00,,,,[],
b4d8c7d6-c39a-4818-bebb-ea4d7db852be,2024-03-25 04:38:47.405519+00,"[""Naawardan""]","[""Namura"",""Napagalitan""]",2024-03-25 04:38:47.405519+00,,,,[],
58a2080f-b22d-4a3b-ac08-40a94a898c98,2024-03-25 06:50:48.31136+00,"[""Purita Kalaw""]","[""Mahirap"",""Walang pera""]",2024-03-25 06:50:48.31136+00,,,,[],
035f68e4-f3b3-4afa-baf9-46d51dc427c1,2024-03-25 06:28:35.516577+00,"[""Tegibolz"",""Tsugi"",""Todas"",""Dedo"",""Tegi""]","[""Patay""]",2024-03-25 06:28:35.516577+00,,,,[],
9432d496-3b02-4d8d-95bd-64d27c6a40de,2024-03-25 04:55:59.516773+00,"[""Shala"",""Churchchill"",""Taray""]","[""Sosyal""]",2024-03-25 04:55:59.516773+00,,,,[],
2871317e-9a8d-4f7e-99c3-5a149ad15d47,2024-03-25 06:58:12.168402+00,"[""Statue of Liberty""]","[""Libre""]",2024-03-25 06:58:12.168402+00,2024-05-11 14:42:28.016+00,,,[],
445f9b46-ec75-4659-9ed7-c479b8f76ae3,2024-03-25 04:34:47.039269+00,"[""Manoy"",""Datung"",""Anjo Purdoy"",""That's Entertainment"",""Anda""]","[""Pera""]",2024-03-25 04:34:47.039269+00,,,,[],
51b64e5d-e3ff-4273-b9a5-23cbd70112cc,2024-03-25 06:57:43.918474+00,"[""Lapel""]","[""Malakas ang Boses""]",2024-03-25 06:57:43.918474+00,,,,[],
ff4d86dd-9d1d-4000-9b27-4386f367ff00,2024-03-25 05:46:36.030207+00,"[""Skulembang""]","[""Paaralan""]",2024-03-25 05:46:36.030207+00,,,,[],
251ed21f-d66c-4232-932c-a04fe869debc,2024-03-25 04:46:51.570679+00,"[""Plasticia"",""Moja"",""Orokan""]","[""Mapagpanggap""]",2024-03-25 04:46:51.570679+00,,,,[],
c30d3ae4-1429-453e-8ea1-f39f9940fa27,2024-03-25 04:51:38.598058+00,"[""Repapipz"",""Dabarkadz""]","[""Kaibigan""]",2024-03-25 04:51:38.598058+00,,,,[],
4eab8c2e-ccdf-43ed-b090-0d9bb1877326,2024-03-25 04:53:30.584112+00,"[""Yumoyolanda""]","[""Umuulan""]",2024-03-25 04:53:30.584112+00,,,,[],
31dc358e-ace4-4759-a7d3-04bad027d536,2024-03-25 05:49:06.763274+00,"[""Taruz"",""Taroosh""]","[""Taray""]",2024-03-25 05:49:06.763274+00,,,,[],
39ddad9e-97f0-4a35-95e1-a6d077614bb4,2024-03-25 04:49:18.886498+00,"[""Pudang"",""Padir"",""Pudrabels"",""Pudra""]","[""Tatay"",""Itay""]",2024-03-25 04:49:18.886498+00,,,,[],
0ba12043-c960-4bf6-9243-9fbc128db916,2024-03-25 04:42:34.332853+00,"[""Wafu"",""Papable"",""Viola"",""B.Y.""]","[""Gwapo""]",2024-03-25 04:42:34.332853+00,,,,[],
dff4e200-e541-46e8-b5c6-448a395243d7,2024-03-25 06:29:30.825301+00,"[""Tom Jones"",""Jutomis"",""Tomtoms"",""Krang-krang""]","[""Gutom""]",2024-03-25 06:29:30.825301+00,,,,[],
7a98c8f0-c4bb-4cf2-b6ff-e7979b7a07d8,2024-03-25 04:41:29.723094+00,"[""Paminta"",""Pamin""]","[""Hindi pa lantad na bading""]",2024-03-25 04:41:29.723094+00,,,,[],
964dfcb8-91ac-400b-a505-cea2c395bc28,2024-03-25 06:58:28.680079+00,"[""Okray""]","["" Paninirang Puri""]",2024-03-25 06:58:28.680079+00,2024-05-18 08:53:09.565+00,,,[],
e7ca86ec-a0f2-4b42-8400-052df18ad039,2024-03-25 06:31:15.891733+00,"[""Waley"",""Zirowena""]","[""Wala""]",2024-03-25 06:31:15.891733+00,,,,[],
01536fb2-a002-4f7a-89cf-f6556571f688,2024-03-25 07:05:09.612148+00,"[""Kuya Germs""]","[""Marumi""]",2024-03-25 07:05:09.612148+00,,,,[],
18702a4e-a4fe-4bc8-a625-70d3a5049191,2024-03-25 04:22:33.465982+00,"[""Kukuro"",""Krung-krung"",""Lucresia Kasilag"",""Lucresia"",""Lukaret""]","[""Baliw""]",2024-03-25 04:22:33.465982+00,,,,[],
31aa17ae-96a9-4fb2-a065-cbc26196bb11,2024-03-25 07:08:30.25753+00,"[""Lupita Kashiwahara""]","[""Malupit""]",2024-03-25 07:08:30.25753+00,,,,[],
305afba5-85ed-4fa8-bb9e-b5ded8775ced,2024-03-25 07:11:57.129939+00,"[""Rita Gomez""]","[""Nakakairita""]",2024-03-25 07:11:57.129939+00,,,,[],
d2b4e2c5-885c-4d22-80e2-06ff98b00e6a,2024-03-25 07:15:38.081447+00,"[""Pilita Corrales""]","[""Pilit nang Pilit""]",2024-03-25 07:15:38.081447+00,,,,[],
ad0151c8-9456-4c82-83da-72d3d68a0e83,2024-03-25 07:18:24.596215+00,"[""Katrina Kahalili""]","[""Kabet""]",2024-03-25 07:18:24.596215+00,,,,[],
759f2101-1b98-449b-920c-8a0732175c51,2024-03-25 07:18:50.870769+00,"[""Oprah Winfrey""]","[""Pangako""]",2024-03-25 07:18:50.870769+00,,,,[],
52387122-7655-4627-836f-4ddee857ecea,2024-03-25 07:19:10.619187+00,"[""Malu Barry""]","[""Hindi ko Alam""]",2024-03-25 07:19:10.619187+00,,,,[],
e7948194-e02f-42cf-9a39-b58fd3d9e69e,2024-03-25 07:06:41.870101+00,"[""Freestyle""]","[""Mabagal Makaintindi""]",2024-03-25 07:06:41.870101+00,,,Mangangahulugang may kahirapan o kakulangan sa pag-unawa ng isang tao sa mga bagay-bagay o konsepto. Ito ay nagpapahiwatig ng pagiging mabagal sa pagproseso ng impormasyon.,"[""\""Si anthe napaka-freestyle sa klase.\""""]",adjective
92959844-5595-4292-b37a-c9006f462aea,2024-03-24 15:06:10.927048+00,"[""Charot"",""Char"",""Echos"",""Charing"",""Eme"",""Eklabu"",""Chariz""]","[""Biro""]",2024-03-24 15:06:10.927048+00,,,"Tumutukoy sa isang salita o kilos na nagpapatawa o nagbibigay-aliw, kadalasan ay hindi siniseryoso.","[""\""Alam mo, crush kita. Charot!\""""]",noun
665035e5-a4c7-4ab5-a9c2-a3b31f35032f,2024-03-25 07:15:04.289444+00,"[""Samantha Lopez""]","[""Oportunista""]",2024-03-25 07:15:04.289444+00,,,,[],
ade6ab70-c222-48ef-9153-348d95a43cd1,2024-03-25 07:13:16.957164+00,"[""Susie""]","[""Babaeng Malaki ang Hinaharap""]",2024-03-25 07:13:16.957164+00,,,,[],
64b6d375-56e1-4a76-8ab3-97c139134d87,2024-03-25 07:16:30.068363+00,"[""Mahalia Mendez"",""Johalia Jackson""]","[""Mahal""]",2024-03-25 07:16:30.068363+00,,,,[],
9cc104a7-9db4-4640-8d20-97e58575a9e9,2024-03-25 07:14:44.870878+00,"[""Yayo Aguila""]","[""Mahiyain""]",2024-03-25 07:14:44.870878+00,,,,[],
bf8874eb-9413-4892-bb99-a6de1a710f66,2024-03-26 05:57:52.889446+00,"[""Borlog""]","[""Tulog""]",2024-03-26 05:57:52.889446+00,,,Pagkakaroon ng pahinga sa pamamagitan ng pagtulog.,"[""Nagpunta siya sa kanyang kwarto upang mborlog pagkatapos ng isang mahabang araw sa trabaho""]",verb
5cb78b1a-95e7-4800-8234-ba3dff890f7f,2024-03-25 07:14:20.856458+00,"[""Winnie Santos""]","[""Panalo""]",2024-03-25 07:14:20.856458+00,,,,[],
db12fdb4-9cad-41e6-8deb-3c21d9e144c8,2024-03-25 07:24:17.115138+00,"[""Ate Shawie"",""Oishi""]","[""Shabu""]",2024-03-25 07:24:17.115138+00,,," Isang kolokyal na tawag sa drogang methamphetamine hydrochloride, isang uri ng ilegal na droga.",[],
d93836b5-9223-43a9-994b-e1c6a019ccf3,2024-03-26 07:56:25.381336+00,"[""Careless Whisper""]","[""Utot""]",2024-03-26 07:56:25.381336+00,,,"Hanging lumalabas o sumisingaw mula sa butas ng puwit ng tao o hayop.
","[""Kung sino man ang nag-Careless Whisper, jumebs ka na.""]",noun
22d61eda-e4c3-408d-8f84-3068e42a7cb3,2024-03-26 05:45:56.893808+00,"[""Sushmita""]","[""Sapatos""]",2024-03-26 05:45:56.893808+00,,,Isang uri ng pares na kasuotan na inilalagay sa paa para sa proteksyon at kaginhawaan habang naglalakad o gumagalaw.,"[""Mahalaga ang pagpili ng tamang sukat ng sushmita upang maiwasan ang mga karamdaman sa paa.""]",noun
8ac18e9b-87c4-4c7f-9628-a99e2757a421,2024-03-26 07:34:42.261286+00,"[""Lilet""]","[""Batang beki""]",2024-03-26 07:34:42.261286+00,,,Isang taong bata pa lamang ay bakla na sya,"[""Ang daming lilet doon sa may kanto.""]",noun
4f9b31c9-f790-4b71-9f43-0ac101c4666a,2024-03-26 06:08:22.941105+00,"[""Dedma""]","[""Huwag pansinin"",""Isnab""]",2024-03-26 06:08:22.941105+00,,,"Walang pakialam; patay-malisya
","[""Dedma lang sa mga bashers.""]",verb
914a5cdb-2852-4de0-b7d1-ecb99811c14b,2024-03-26 06:05:15.558568+00,"[""Alma Moreno""]","[""Almuranas""]",2024-03-26 06:05:15.558568+00,,,"Kayariang baskular sa kanal na pambutas ng puwit na tumutulong sa pagtaban ng dumi ng tao.
","[""Puro maaanghang kasi kinain nya, ayan may Alma Moreno tuloy.""]",noun
cb03cfa8-6f83-4d86-9693-70006fd41d52,2024-03-26 06:02:31.153107+00,"[""Chiminey Cricket""]","[""Kasambahay""]",2024-03-26 06:02:31.153107+00,,,"Kasama sa bahay na tumutulong sa gawaing bahay
","[""Pianghainan kami ng Chiminey Cricket ng kaibigan ko.""]",noun
f99795f3-43e8-47fb-af5b-77ce53185c44,2024-03-26 05:58:29.376875+00,"[""Sandara Park"",""Jinet Jackson"",""Jinit"",""Majinit""]","[""Maaraw"",""Mainit""]",2024-03-26 05:58:29.376875+00,,,Nangangahulugang mayroong sinag ng araw o mainit na panahon,"[""Sa darating na linggo, inaasahan nating magiging Jinet Jackson ang panahon.""]",adjective
8470c0c7-cce6-4f01-a9b1-310f0cc6966a,2024-03-26 05:55:40.187809+00,"[""Otoko""]","[""Lalaki""]",2024-03-26 05:55:40.187809+00,,,"Isang indibidwal na kasapi ng kasarian na may mga katangiang pangkalalakihan. Ito ay katambal ng salitang ""babae.""","[""Ang otoko na ito ay kilala bilang isang mabait at matapat na ama.""]",noun
4531e54b-90db-4d46-ac23-e7c606b97e71,2024-03-26 05:43:37.063717+00,"[""Portuguesa"",""Shibuli""]","[""Tibo"",""Lesbian""]",2024-03-26 05:43:37.063717+00,,,Isang salitang balbal na ginagamit upang tukuyin ang isang taong bading o homoseksuwal na lalaki.,"[""Matagal nang alam ng kanyang pamilya na siya ay isang shibuli, at tanggap na tanggap nila ito.""]",noun
5de1d641-b1a0-4864-b096-790435c93441,2024-03-26 05:38:15.694775+00,"[""Slovakia""]","[""Mabagal kumilos""]",2024-03-26 05:38:15.694775+00,,,Hindi mabilis o hindi maaksyon sa paggawa ng kilos o gawain.,"[""Mahirap magtrabaho kapag ang iyong kasama ay slovakia, dahil nagiging hadlang ito sa pagtapos ng mga gawain sa oras.""]",verb
03aff3d9-6364-424f-9832-6480bd7f96c0,2024-03-26 05:27:06.741532+00,"[""Bes"",""Besi""]","[""Matalik na kaibigan"",""Kaibigan""]",2024-03-26 05:27:06.741532+00,,,Karaniwang ginagamit upang tawagin ang isang kaibigan o kapatid sa loob ng isang malambing o pamilyar na paraan. Madalas itong ginagamit ng mga kabataan at millennials sa kanilang pakikipag-usap.,"[""Tara, bes, samahan mo ako mamili sa mall mamaya.""]",noun
27b6fa4b-8f43-4ade-acb4-a23aa078c651,2024-03-25 07:26:01.621692+00,"[""Ditey""]","[""Dito""]",2024-03-25 07:26:01.621692+00,,,Karaniwang ginagamit ito sa impormal na usapan o sa mga casual na sitwasyon.,"[""Tara, ditey tayo sa tabi-tabi at magkwentuhan.""]",adverb
9e19f9e7-9558-4d33-ac91-4d3003545ab6,2024-03-25 06:46:38.393452+00,"[""Backstreet Boys""]","[""Mga Lalaki sa Likod""]",2024-03-25 06:46:38.393452+00,,,"Tumutukoy sa mga lalaki na nasa likuran, maaaring literal o figurative na lokasyon.

","[""\""Ang mga backstreet boys sa likod, ang kukulit!\""""]",noun
6791754f-89e1-401a-a306-55d030ba3420,2024-03-25 07:12:53.879855+00,"[""Erna"",""Eva Kalaw"",""Jebs""]","[""Tae""]",2024-03-25 07:12:53.879855+00,,,Nagpapahiwatig ng dumi ng tao o hayop. Ito ay ang pangkaraniwang salita na ginagamit upang tukuyin ang mga epekto ng pagtunaw ng pagkain o iba pang mga basurang organiko.,"[""\""Maingat na linisang ang mga kanilang erna pagkatapos ng mga alaga nilang hayop.\""""]",noun
6e8769ad-f7d1-43b9-945a-e22553e8e0e4,2024-03-26 09:11:24.518533+00,"[""Erna"",""Eva Kalaw""]","[""Tae""]",2024-03-26 09:11:24.518533+00,2024-05-11 05:09:11.522+00,,,[],
c8c4ca2d-64cd-48b1-9370-f5207fad44dd,2024-05-11 05:10:31.504714+00,"[""Kiffy"",""Kipay"",""Bilat""]","[""Ari ng babae""]",2024-05-11 05:10:31.504714+00,,,"Seksyuwal na organ ng babae
","[""Hindi na nadiligan ang kiffy ni ate.""]",noun
962de289-1ba4-4d9c-9c1b-a3453395f14a,2024-05-11 05:18:47.720795+00,"[""Dedma ang mga badessa!""]","[""Huwag pansinin ang mga bakla na umaastang parang prinsesa!""]",2024-05-11 05:18:47.720795+00,2024-05-11 05:19:05.895+00,,,[],
7d5c6ecd-93ab-40f9-b1c4-1e3d36033ac9,2024-03-25 06:34:43.760135+00,"[""Wit"",""Witchelz"",""Witchibeng"",""Wiz"",""Wititit""]","[""Hindi""]",2024-03-25 06:34:43.760135+00,,,,[],
9a9e8d96-0de6-48f6-b034-89c0b4670a75,2024-05-11 05:38:44.184274+00,"[""jowa"",""jowabels""]","[""Kasintahan""]",2024-05-11 05:38:44.184274+00,2024-05-11 14:46:10.754+00,,,[],
5652f2ac-007c-486a-a927-816b28394169,2024-05-11 05:46:31.319771+00,"[""Get Luck""]","[""Kunin""]",2024-05-11 05:46:31.319771+00,,,"Aksyon ng pagkuha ng isang bagay
","[""\t\tBeh, pa-get luck naman ako ng bag ko sa taas.""]",verb
ec2a395a-b2dc-47d1-9d71-af4435c94956,2024-05-12 13:11:11.918186+00,"[""Dyosa ka nga shongit naman ugali mo""]","[""Maganda ka nga panget naman ugali mo""]",2024-05-12 13:11:11.918186+00,2024-05-12 13:11:35.265+00,,,[],
ff3e9432-585a-44bb-8bc1-e114def299f5,2024-05-12 15:59:07.026292+00,"[""Happenings""]","[""Kaganapan""]",2024-05-12 15:59:07.026292+00,2024-05-12 15:59:14.973+00,,,[],
7551c03f-cd7b-4bb0-befe-52711e63bea2,2024-05-16 09:36:05.836291+00,"[""Julanis Morisette"",""Julanis"",""Reyna Elena"",""Julan""]","[""Ulan""]",2024-05-16 09:36:05.836291+00,,,"Tubig na namuo mula sa singaw sa atmospera at bumubuhos ng butil butil.

","[""Ang lakas ng Julanis Morisette, bumaliktad ang payong ko.""]",noun
4d05c48b-2488-40b7-bc7b-31f8640cde31,2024-05-12 15:20:38.520078+00,"[""Shenglot""]","[""Lasing""]",2024-05-12 15:20:38.520078+00,,,Taong nasa impluwensya ng alak,"[""Shenglot nang umuwi ang tatay kagabi""]",verb
e248d4d1-76da-409f-b63f-b00afdcf67a2,2024-05-12 15:59:51.936142+00,"[""Miss Nigeria""]","[""Negra""]",2024-05-12 15:59:51.936142+00,,,Babaeng maitim ang komplesyon,"[""After ng bakasyon, naging Miss Nigeria na kulay ko.""]",noun
7f23bc07-0f45-40d4-9e54-01d607c5c961,2024-03-25 04:07:03.038359+00,"[""Jelly bean""]","[""Madulas""]",2024-03-25 04:07:03.038359+00,,,,[],adjective
4b5b8573-bcc5-43d9-a866-4954a871eb0c,2024-03-25 04:09:00.770509+00,"[""Johay"",""High ball"",""Johaybels"",""Balur"",""Balurva""]","[""Bahay""]",2024-03-25 04:09:00.770509+00,,,,[],noun
4c8f3aac-ad28-4664-8cd6-37dd78e8755a,2024-03-25 04:18:03.205688+00,"[""Junjun"",""Boylet"",""Umbaw""]","[""Lalake""]",2024-03-25 04:18:03.205688+00,,,,[],noun
522bf02d-f80f-426c-b35a-b9467b81e996,2024-05-11 05:47:24.689428+00,"[""Nomo"",""Shugug""]","[""inuman"",""inom""]",2024-05-11 05:47:24.689428+00,,,"Aksyon ng pagtanggap at paglunok ng anumang uri ng likidong pangkonsumo sa katawan sa pamamagitan ng bibig
","[""Inisang shugug nya ang isang bote ng alak.""]",verb
785f031a-b67a-447b-8976-5be688e7d056,2024-05-11 05:31:02.238975+00,"[""Petiks""]","[""Kampante""]",2024-05-11 05:31:02.238975+00,,,"Nasisiyahan at panatag sa umiiral na kalagayan
","[""Pa-petiks petiks lang sya na tipong walang deadlines.""]",adjective
e9e8fadb-685f-45c4-8de3-bd014ae837f9,2024-05-11 05:08:37.574398+00,"[""Ate Chona"",""Chonabels""]","[""Pangit ang ugali"",""Maattitude""]",2024-05-11 05:08:37.574398+00,,,"Hindi kaaya-ayang ugali ng isang tao
","[""“Yung babae sa canteen, napaka-Ate Chona, hindi naman nya kinaganda.”""]",adjective
1b2b6971-2a06-4830-b166-63e8306cbeab,2024-03-26 09:21:13.587357+00,"[""Liberty"",""Statue of Liberty""]","[""Libre ""]",2024-03-26 09:21:13.587357+00,,,"Makakuha ang isang bagay na walang halaga o bayad
","[""“Bawal tumanggi, Statue of Liberty na nga lang eh”""]",noun
361f6e93-cf81-4461-b0f5-e490f670eb9d,2024-03-26 09:13:08.763708+00,"[""Joanna Paras""]","[""Asawa""]",2024-03-26 09:13:08.763708+00,,,"Walang-kasariang katawagan para sa esposo/esposa
","[""“Alam ba ng Joanna Paras mo na nainom ka dito?”""]",noun
2b96307a-4133-4081-b015-3bf40ec0b300,2024-03-25 04:19:41.2035+00,"[""Luz Valdez"",""Lotlot"",""Kabog""]","[""Talo""]",2024-03-25 04:19:41.2035+00,,,,[],
9a4c52a0-5241-46bf-83d4-8ddb4f6a0a83,2024-03-26 08:34:34.6884+00,"[""Anita Linda"",""Aida""]","[""A.I.D.S.""]",2024-03-26 08:34:34.6884+00,,,"Sakit na nakukuha sa pakikipagtalik sa kung kani-kanino
","[""“Kung sino-sino kasi ang kinakalikot, ayan nagka-Anita Linda.”""]",noun
5e3e9e62-6b1e-40a5-84f0-338aba22f73e,2024-03-26 08:28:10.522373+00,"[""Bahamas""]","[""Baha""]",2024-03-26 08:28:10.522373+00,,,"Labis na pag-apaw ng tubig o isang paglawak ng tubig na natatakpan ang lupa, at isang delubyo
	 
","[""“Bahamas na sa lugar namin,  umulan kasi nang malakas”""]",noun
93b1b79d-6932-420b-9fae-85baa3aa359e,2024-03-26 08:27:36.092327+00,"[""Busabos"",""Buselya""]","[""Bus""]",2024-03-26 08:27:36.092327+00,,,"Sasakyang pangkalsada na hugis rektangulong kayang magsakay ng maraming tao
","[""Late na akong nakasakay sa buselya, ka nakatayo na lamang ako.""]",noun
4c3e4179-5e47-4968-99bc-ee8f96417211,2024-03-26 08:25:32.602573+00,"[""AFAM""]","[""Foreigner""]",2024-03-26 08:25:32.602573+00,,,"Mga taong turista na galing sa ibang bansa.
","[""“Maraming Pilipino ang nakabingwit ng AFAM.”""]",noun
ff4c332f-fcac-41fd-b5d3-ab6fd094b5e3,2024-03-26 08:21:40.288443+00,"[""Cookie Chua"",""Cookie Monster""]","[""Magluto""]",2024-03-26 08:21:40.288443+00,,,"Paglalagay ng init at iba pang sangkap sa pagkain upang ligtas itong kainin
","[""“Ano ang kino-cookie chua mo?”""]",verb
d68fed55-065b-4843-babd-32b98b69aa3d,2024-03-26 08:16:32.829009+00,"[""Fillet o' Fish""]","[""Natitipuhan"",""Nagugustuhan""]",2024-03-26 08:16:32.829009+00,,,"Isang emosyon na nagpapakita ng pagkagusto sa isang tao o bagay
","[""“Ang gwapo nung Fillet o’ Fish ni Marie.”""]",verb
fd265cf5-cbe5-41be-b1f4-e655275f9511,2024-05-18 08:27:55.294781+00,"[""Fullness""]","[""Puno""]",2024-05-18 08:27:55.294781+00,,,Nangangahulugang walang puwang o kagandahan. Ito rin ay maaaring tumukoy sa pagiging kompleto o buong.,"[""Pagkatapos ng malaking hapunan, naramdaman kong ako ay fullness na.""]",verb
f5cb00b7-f1a3-45a5-be23-363b39eb63d9,2024-05-11 05:25:47.487812+00,"[""Kumustasa Kalabasa""]","[""Kumusta""]",2024-05-11 05:25:47.487812+00,,,,[],noun
4dcfdd4d-fc53-4651-8d05-eda484284536,2024-03-25 07:24:39.263399+00,"[""Alona Alegre""]","[""Alone""]",2024-03-25 07:24:39.263399+00,,," Ito ay tumutukoy sa pagiging mag-isa o walang kasama.","[""Nagpunta siya sa park upang mag-isip-isip Alona Alegre.""]",adjective
4100d421-e6d2-417a-8e14-eaead35dd6cb,2024-05-18 07:55:55.869388+00,"[""Nyoging""]","[""Saging""]",2024-05-18 07:55:55.869388+00,,,Isang uri ng prutas na may matatamis na laman at malambot na balat. Ito ay karaniwang kulay dilaw o kulay kayumanggi at karaniwang kinakain na hilaw o hinahalo sa iba't ibang putahe.,"[""Masarap kumain ng nyoging bilang meryenda dahil ito ay puno ng sustansya at masarap na pangmatagalan.""]",noun
b77746d3-ec22-4499-bfb1-a8fcc77c2cb6,2024-05-18 08:01:25.905824+00,"[""Pipalus""]","[""Tao""]",2024-05-18 08:01:25.905824+00,2024-05-18 08:02:32.01+00,,,[],
0dfc9901-1deb-4e99-ae13-ba780876c655,2024-05-18 08:28:21.579696+00,"[""Jolabastraks""]","[""Kalabasa""]",2024-05-18 08:28:21.579696+00,,,Pagbatì at tanong sa kalagayan ng isang tao,"[""Kamustasa na kayo ni Jerome?""]",noun
dfe71955-62f9-469c-8e7f-e67dabc4b747,2024-03-25 04:36:51.541518+00,"[""Mudrabels"",""Mudrakils"",""Mudra"",""Mudrang"",""Mudrakels""]","[""Inay"",""Nanay"",""Ina""]",2024-03-25 04:36:51.541518+00,,,,[],
e1f8eefe-d25b-46dc-ae32-f75b7269cfc2,2024-03-26 07:58:05.236045+00,"[""Shaki""]","[""Maginuman nang todo-todo""]",2024-03-26 07:58:05.236045+00,,,Inom na kalimitang lagpas na sa pangkaraniwang limitasyon,"[""Shaki hanggang mamatay!""]",verb
f50e41bf-2a04-470a-b5ee-4342c7e3df8d,2024-05-18 08:06:32.703538+00,"[""Kyoho""]","[""Mabaho""]",2024-05-18 08:06:32.703538+00,,,Nangangahulugang may masamang amoy o hindi kanais-nais na amoy.,"[""Kyoho ang basurahan kaya’t kailangan na itong ilabas at itapon.""]",adjective
4e4c3cbd-c666-4801-8e8f-fcc32bc0c5ff,2024-05-12 15:31:55.613751+00,"[""Kalachuchi""]","[""Dumi"",""Kalat""]",2024-05-12 15:31:55.613751+00,,,Bagay na tinatapon sa lupa,"[""Maraming kalachuchi sa lungsod ng Maynila""]",noun
b37dad2c-e7ab-4e68-b1de-9731f5f21995,2024-03-26 08:32:52.548496+00,"[""Havana""]","[""Mahabang mukha""]",2024-03-26 08:32:52.548496+00,,,"Taong, mahaba ang kompleksyon sa mukha
","[""“Ang baba ni ate mo girl, very havana”""]",adjective
dab2608f-c265-4389-b1ed-f68e9bf12ac7,2024-03-26 06:08:55.955109+00,"[""Dokito Prito"",""Dookit"",""Kangkang""]","[""Sex""]",2024-03-26 06:08:55.955109+00,,,"Sekswal na aksyon; pakikipagtalik
","[""Dokito lang ang habol nyan sa ‘yo""]",verb
486b279b-d354-4663-911f-1cd564ebd6fb,2024-05-18 08:23:43.183006+00,"[""Nutring""]","[""Talong""]",2024-05-18 08:23:43.183006+00,,,"Isang uri ng gulay na may mahabang hugis at kulay lila o kulay-ube. Ito ay karaniwang ginagamit sa pagluluto ng mga lutuing gulay, prito, o inihaw.","[""Niluto niya ang mga nutring sa gata bilang panghimagas.""]",noun
b1c028eb-2969-46d1-a9c6-6504a78343b9,2024-05-18 07:57:03.787682+00,"[""Profalu""]","[""Propesor""]",2024-05-18 07:57:03.787682+00,,,"Isang guro o tagapagturo, lalo na sa antas ng kolehiyo o unibersidad. Sila ay mga eksperto sa kanilang larangan at responsable sa pagtuturo at pagsasaliksik.","[""Ang profalu namin sa kasaysayan ay napakahusay magturo at laging may mga bagong kaalaman na ibinabahagi.""]",noun
358118f2-d74e-48e7-8706-3cb8e26f9056,2024-05-18 08:23:18.605483+00,"[""Hipon""]","[""Maganda ang katawan pero pangit""]",2024-05-18 08:23:18.605483+00,,,Paglalarawan sa isang tao na ang ibig sabihin ay maganda ang pangagatawan ngunit ang mukha ay hindi ganoon kaaya-aya,"[""Isa lang ang masasabi ko kay ate, hipon.""]",adjective
b4b8c58f-f6b6-4f25-9bb2-423678f720b4,2024-05-18 08:22:17.977295+00,"[""Gardini""]","[""Security Guard""]",2024-05-18 08:22:17.977295+00,2024-05-23 00:51:53.922+00,,,[],noun
ab42f2f2-4720-436d-a1b8-3e59b140d4b0,2024-05-18 08:21:18.969717+00,"[""Flylalou""]","[""Lumipad""]",2024-05-18 08:21:18.969717+00,,,"Nangangahulugang umalis sa lupa at maglakbay sa himpapawid, gamit ang mga pakpak o ibang paraan ng paglipad.","[""Nagflylalou ang mga ibon patungo sa kanilang pugad habang papalubog ang araw.""]",verb
06ad77cc-098f-44bb-a191-8f6b1301774e,2024-05-18 08:21:02.199102+00,"[""Lobing""]","[""Lobo""]",2024-05-18 08:21:02.199102+00,,,Isang bagay na gawa sa manipis na goma at pinupuno ng hangin o gas upang maging bilog at lumutang.,"[""\""Nagpalipad ng lobing ang mga bata sa parke.""]",noun
9b402ba4-40d7-4f52-9818-bf68f91916c4,2024-05-18 08:15:09.514889+00,"[""Walkstra""]","[""Gala""]",2024-05-18 08:15:09.514889+00,,,Paglalakad-lakad o pamamasyal nang walang partikular na destinasyon o layunin. Ito ay karaniwang ginagawa upang magpalipas ng oras o maglibang.,"[""Mahilig siyang mag-walkstra tuwing Sabado ng hapon para makapag-relax at mag-enjoy.""]",verb
5b9946a8-85cc-41b9-ae0a-67462ef9230a,2024-05-18 08:06:04.985058+00,"[""Nyorts""]","[""Shorts""]",2024-05-18 08:06:04.985058+00,,,"Maikling pantalon na karaniwang ginagamit sa mga casual na okasyon o kapag mainit ang panahon. Tinatawag din itong ""puruntong"" sa ibang konteksto.","[""Suot niya ang kanyang paboritong nyorts habang naglalakad sa tabing-dagat.""]",noun
8c881ddf-f6c2-4cd3-be0d-30179fb7c42c,2024-05-18 08:00:06.979527+00,"[""Beheyhey""]","[""Bahay""]",2024-05-18 08:00:06.979527+00,,,Isang tirahan o lugar kung saan nakatira ang isang tao o pamilya. Ito ay maaaring isang simpleng tahanan o isang malaking gusali na ginagamit bilang kanlungan.,"[""Ang kanilang baheyhey ay nasa tabi ng ilog at napapalibutan ng mga puno.""]",noun
0987b869-e854-40e9-9090-6f2a30e0625d,2024-03-26 06:00:31.493242+00,"[""Kuya Germs"",""German Moreno""]","[""Madumi""]",2024-03-26 06:00:31.493242+00,,,Nangangahulugang marumi o hindi malinis.,"[""Kailangan nating linisin ang bahay dahil sobrang Kuya Germs na ito.""]",adjective
882a8ca1-1cea-4291-a1b7-6b638023943d,2024-03-26 05:56:16.195203+00,"[""Variables""]","[""Barya""]",2024-03-26 05:56:16.195203+00,,,Tumutukoy sa mga maliit na salapi o baryang halaga ng pera.,"[""Nagtitipid si Pedro kaya't kanyang iniipon ang mga variables na natatanggap niya bilang sukli.""]",noun
c37851b5-3448-46b8-8f64-1542f480cb48,2024-03-26 05:37:41.041158+00,"[""Alicia Mayer""]","[""Aalis na""]",2024-03-26 05:37:41.041158+00,,,Nangangahulugang umalis o lumisan mula sa kasalukuyang lugar o sitwasyon.,"[""Bukas na mag-Alicia Mayer si Maria papuntang Maynila upang magtrabaho bilang guro sa isang paaralan doon""]",verb
9fb3df58-30e1-42b0-a277-ef0e123a398d,2024-03-25 03:42:03.679875+00,"[""Booking""]","[""May Service""]",2024-03-25 03:42:03.679875+00,,,"Nangangahulugang may nakaayos o nakalaan na serbisyong gagawin o ibibigay. Maaari itong tumukoy sa serbisyo ng transportasyon, teknikal, o anumang uri ng tulong na inaasahan.","[""\""May booking si anthe ng 4:00PM mamaya.\""""]",verb
66b9e475-6384-4352-87d5-dcca72e4d804,2024-05-12 15:56:46.386092+00,"[""Pranella""]","[""Praning"",""Hibang""]",2024-05-12 15:56:46.386092+00,,,Labis na suspetsoso o balisa,"[""Naging pranella na si Harvey sa kakaisip kung nasaan ang kanyang kasintahan.""]",adjective
4971abb8-60fb-4051-a2de-2c196d125f09,2024-05-11 05:48:18.40935+00,"[""Aglipay""]","[""Pangit na pinay""]",2024-05-11 05:48:18.40935+00,,,HIndi maganda ang pisikal na kaayuan ng pinay,"[""Siya lamang ang nakilala kong aglipay.""]",adjective
333011a6-d6c3-4606-ad6b-9b362cc79c5c,2024-05-11 05:44:07.095302+00,"[""Bokot"",""Shokot""]","[""Takot""]",2024-05-11 05:44:07.095302+00,,,"Pang-emosyon na tugon sa mga banta at panganib. 
","[""“Kalalaking tao shokot ka sa palabas na iyon?”""]",verb
5bd33412-e51d-4b44-8648-07f5aed46454,2024-05-11 05:43:25.498111+00,"[""Jokjok Bolante""]","[""Prostitute""]",2024-05-11 05:43:25.498111+00,,,"Babae o lalakeng binabayaran kapalit ang serbisyong may kinalaman sa pakikipagtalik
","[""Sayang, napakagandang bata, naging Jokjok Balante lang""]",noun
7731b629-435e-4e29-8d91-f7a3e9826313,2024-05-11 05:27:55.333573+00,"[""Pacita Complex""]","[""Lumipas""]",2024-05-11 05:27:55.333573+00,,,"Ang pagdaan o pagkawala ng oras, araw, o pangyayari na naganap na at hindi na muling magaganap sa kasalukuyan.
","[""Pacita complex na ang panahon, ganyan ka pa rin""]",noun
42d59c72-0225-4d95-bbf1-d19ab61c6057,2024-04-07 12:34:58.756558+00,"[""Holabels"",""Hola"",""Haller"",""Heller""]","[""Hello""]",2024-04-07 12:34:58.756558+00,,,"Paunang pakikipagbati sa kausap.
","[""Holabels, kamusta ka na?""]",noun
41640281-692e-436e-a2c6-05ba8fe0d95e,2024-03-26 09:16:32.999136+00,"[""Borta""]","[""Malaki ang katawan"",""Maskulado""]",2024-03-26 09:16:32.999136+00,,,"Malaking pangangatawan ng isang tao
","[""“Masarap tumambay sa gym, maraming borta.”""]",adjective
ff8f4964-e795-4e33-891d-15b743c83450,2024-03-26 08:35:10.901395+00,"[""Ate Vangie""]","[""Gamot pampatulog""]",2024-03-26 08:35:10.901395+00,,,"Gamot na pampatulog
","[""“Uminom ka na ng Ate Vangie, para masarap tulog mo.”""]",noun
a83de2f5-253c-4bae-9dcb-89909d2b84a4,2024-05-18 08:42:00.951207+00,"[""Carosa""]","[""Kotse""]",2024-05-18 08:42:00.951207+00,,,Tumutukoy sa isang sasakyan o kotseng ginagamit sa paglalakbay.,"[""Bumili sila ng bagong carosa para sa kanilang pamilya.""]",noun
60dd5ab5-740b-4d36-85dc-e41f64746489,2024-05-18 08:56:35.313615+00,"[""Hairdo""]","[""Hair""]",2024-05-18 08:56:35.313615+00,,,Mga hibla na tumutubo sa anit ng tao o sa katawan ng mga hayop,"[""Maganda ang kanyang hairdo, makapal at malasutla.""]",noun
ff7e59b7-5d2c-475b-ac7d-5c16155dc44b,2024-05-18 08:54:47.761664+00,"[""Bet""]","[""Gusto""]",2024-05-18 08:54:47.761664+00,,,"Pagnanais, pagkagusto, o kagustuhan para sa isang bagay, tao, o pangyayari","[""Bet kong kumain ng mangga""]",verb
304197f2-ee29-49ce-ab7b-6967f4a5d118,2024-05-18 08:50:34.010598+00,"[""Nagmamaasim""]","[""Nagmamaganda""]",2024-05-18 08:50:34.010598+00,,,Taong pakiramdam ay maganda sya,"[""Nagmamaasim na naman si bakla, akala mo naman talaga.""]",adjective
91a15253-e0e2-43f1-9904-8e12db62c9de,2024-05-18 08:49:31.346923+00,"[""Werlog""]","[""Itlog""]",2024-05-18 08:49:31.346923+00,,," Tumutukoy sa ovum o pabilog na bagay na iniluluwal ng mga hayop ","[""Nagluto si Nanay ng pritong werlog para sa almusal.""]",noun
d9154bf8-1cf5-4ce8-a353-f03678ef2d7a,2024-05-18 08:43:35.500102+00,"[""Hanash""]","[""Maraming sinasabi""]",2024-05-18 08:43:35.500102+00,,,Isang tao na mahilig magsalita o maraming sinasabi.,"[""Si Ma'am, ang daming hanash matatapos na ang klase.""]",verb
9a67d193-e03d-40b5-a4ea-a303d3746fe2,2024-05-18 08:38:55.433496+00,"[""Pinkalou""]","[""Pink""]",2024-05-18 08:38:55.433496+00,,,Kulay rosas,"[""Mahilig siya sa mga damit na kulay pinklalou..""]",noun
12119137-f5bb-4b6b-b249-ae2738a40817,2024-05-18 08:35:59.129455+00,"[""Chenes""]","[""Dagat""]",2024-05-18 08:35:59.129455+00,2024-05-22 03:49:25.835+00,,,[],noun
64ca334e-fa59-4dfb-b3ae-f70142e57f32,2024-05-18 08:36:19.087991+00,"[""Shuyang""]","[""Sayang""]",2024-05-18 08:36:19.087991+00,,,Pagsisisi dahil sa nasayang na pagkakataon o bagay,"[""Shoyang ang pagkain na itinapon mo; sana ibinigay mo na lang sa iba.""]",verb
b4434b23-9d87-4112-8fa9-ca901dc57154,2024-05-18 08:29:08.542049+00,"[""Suba"",""Bugarou""]","[""Cigarette"",""Sigarilyo""]",2024-05-18 08:29:08.542049+00,,,Karaniwang gawa sa tabako at iniinomahan sa pamamagitan ng pagsisindi.,"[""Bawal ang bugarou sa loob ng opisina.""]",noun
d3301506-c5ff-4484-b215-1cbcac2f74c2,2024-05-18 08:35:04.611173+00,"[""Reynabels""]","[""Reyna""]",2024-05-18 08:35:04.611173+00,,,Isang babaeng monarko o pinuno ng isang kaharian,"[""Ang reynabels ng kaharian ay kilala sa kanyang kabaitan at talino.""]",noun
3c6da207-803e-4976-971d-a9663baab7d8,2024-05-18 08:32:57.947952+00,"[""Chipipay""]","[""Cheap""]",2024-05-18 08:32:57.947952+00,,,Tumutukoy sa isang bagay na mababa ang halaga o presyo,"[""Nakabili siya ng chipipay na damit sa tiangge.""]",adjective
8e346bf8-c13e-4194-99ac-095b084ccb07,2024-05-18 08:32:51.588074+00,"[""Floweret""]","[""Bulaklak""]",2024-05-18 08:32:51.588074+00,,,"Tumutukoy sa bahagi ng halaman na karaniwang makulay at mabango, at nagiging bunga pagkatapos mamulaklak","[""Nagbigay siya ng floweret sa kanyang ina bilang pasasalamat.""]",noun
abcbfdef-fe29-446d-94cc-5d22d3cd9abd,2024-05-18 08:29:27.339693+00,"[""Tayels""]","[""Tayo""]",2024-05-18 08:29:27.339693+00,,,"Tumutukoy sa unang panauhan maramihan, ibig sabihin ay ""kami"" kasama ang kausap.","[""Tayels ay magtulungan upang makamit ang ating mga pangarap.""]",pronoun
a91ccc3b-03cb-4813-bfc8-7a36c068572d,2024-05-18 08:22:59.604803+00,"[""Denchi"",""Doonek""]","[""Doon""]",2024-05-18 08:22:59.604803+00,,,"tumutukoy sa isang lugar na malayo sa nagsasalita at sa kausap. Ito ay ginagamit upang mag-refer sa lokasyon ng isang bagay, tao, o pangyayari na hindi malapit sa nagsasalita.","[""\""Nagpunta kami denchi sa parke kahapon at nag-picnic.""]",adverb
d57cb630-a283-419c-9164-6de43d746c0d,2024-05-18 08:57:00.616719+00,"[""Gerdel""]","[""Tomboy""]",2024-05-18 08:57:00.616719+00,,,"Isang ekspresyon ng kasarian na ang isang babaeng homosexual ay na nakakaramdam ng atraksiyon, romantiko man o sekswal, sa parehong kasarian 
","[""Yung anak ni Aling Pacing, kaganda-gandang bata Gerdel!""]",noun
65849fbb-d61d-43e4-ba40-1ff02fb4de01,2024-03-26 08:33:44.900697+00,"[""Performance Artist""]","[""Mahilig maginarte"",""Maarte""]",2024-03-26 08:33:44.900697+00,,,"Mapili o metikoloso sa mga bagay-bagay
","[""“Si Anita, performance artist pa rin pagdating sa pagpili ng pagkain.”""]",adjective
d7b6a8bd-aaf5-4052-a874-58a1011ec116,2024-03-26 08:30:53.473421+00,"[""Gellie De Belen""]","[""Nagseselos""]",2024-03-26 08:30:53.473421+00,,,"Ang pagsususpetsa o pagiging palabintangin, mapaghinala, o mapagsapantaha sa pagkakaroon ng mga karibal, kaagawan, o kalaban para sa pag-ibig, pagmamahal, o pagkagusto ng ibang tao
","[""“Nandito ako sa gilid, Gellie De Belen”""]",adjective
222f7912-3668-4b65-9145-198a44371971,2024-03-26 08:27:06.346865+00,"[""Boogie Wonderland""]","[""Bugbog""]",2024-03-26 08:27:06.346865+00,,,"Isang aksyon na gamit ang kamao sa karahasan
","[""“Sinabi nya kasing bakla sya, na-boogie wonderland tuloy sya.”""]",verb
fdd75483-d47b-4592-8e7f-3602c247cd40,2024-03-26 08:26:07.923622+00,"[""Egyptian Airlines"",""Jipamy""]","[""Jeepney"",""Jeep""]",2024-03-26 08:26:07.923622+00,,,"Isang pinakakaraniwan at orihinal na anyo ng pampublikong transportasyon na ginagamit ng mga Pilipino,
","[""“Nakatabi ko sa Jipamy ang crush ko. Acck”""]",noun
497c0682-5b9f-4fba-9651-7eabf2a3d615,2024-03-26 07:59:45.983826+00,"[""Bagelya""]","[""Bag""]",2024-03-26 07:59:45.983826+00,,,"Lagayan ng mga gamit
","[""“Napakabigat naman ng bagelya mo.”""]",noun
de5257a0-dcef-4c02-bb2d-c3fcf3e2c4e6,2024-03-26 07:58:20.747552+00,"[""Wakalipektus""]","[""Kaliwete""]",2024-03-26 07:58:20.747552+00,,,"Isang tao na gumagamit ng kaliwang kamay bilang pangunahing kamay sa pagsulat, paghawak ng mga bagay, at sa iba pang gawain.
","[""Kalimitan sa mga Wakalipektus magaganda ang sulat.""]",noun
db7f9f53-03a8-40d3-bb22-cbe7781ff8a1,2024-03-26 07:38:33.492639+00,"[""Hip Hop Hooray""]","[""Hepatitis""]",2024-03-26 07:38:33.492639+00,,,"Isang sakit sa atay na kumakalat sa pamamagitan ng paghawa sa dugo, semen, o iba pang likido mula sa katawan ng isang tao
	 
","[""Ang dilaw ng balat nya, siguro may hip hop hooray 'yan.""]",noun
df5207cf-aff0-41e3-8122-066a620388e0,2024-03-26 06:06:30.954364+00,"[""Badessa""]","[""Bakla na umaastang parang prinsesa""]",2024-03-26 06:06:30.954364+00,,,"Hanging lumalabas o sumisingaw mula sa butas ng puwit ng tao o hayop.
","[""Huwag kang feeling badessa dyan, mahirap ka lang.""]",noun
3952ca97-40e0-4522-b65b-7f826cd5be3d,2024-05-18 09:13:04.179293+00,"[""Atak""]","[""Patuloy""]",2024-05-18 09:13:04.179293+00,,,Kapag tumutukoy sa pagpapatuloy ng isang aksyon o proseso.,"[""Go beh, atak mo lang 'yan""]",verb
d73b02f9-fa5c-49c3-a168-68d8d7f70b36,2024-05-18 09:11:44.477247+00,"[""Flying colors""]","[""Bahaghari""]",2024-05-18 09:11:44.477247+00,,,"Isang makulay na arko sa kalangitan na karaniwang lumilitaw pagkatapos ng ulan ","[""Ang ganda ng flying colors after ng ulan""]",noun
ecb543be-d272-437e-a789-e7429d62d9c1,2024-05-18 08:52:03.975406+00,"[""Echos""]","[""Whatever""]",2024-05-18 08:52:03.975406+00,,,"Isang uri ng pahayag, kilos, o kaisipan na layuning magpatawa o magdulot ng kasiyahan","[""Huwag kang magalit, echos lang iyon.""]",noun
f13e5509-b42b-435b-baa3-eaf2c906f633,2024-05-18 08:49:45.707503+00,"[""Wersu"",""Dyoga""]","[""Dede""]",2024-05-18 08:49:45.707503+00,,,"Tumutukoy sa suso o dibdib ng isang tao, lalo na sa konteksto ng pagpapasuso o pag-inom ng gatas mula sa ina","[""Gustong-gusto ni baby ang wersu kapag siya'y nagugutom""]",noun
04062c5d-f3a0-40de-a8e0-c846a9767fc0,2024-05-18 08:48:17.276871+00,"[""Insekyora""]","[""Inggitera"",""Insecure""]",2024-05-18 08:48:17.276871+00,,,"Tumutukoy sa isang babaeng madalas makaramdam ng inggit o selos sa tagumpay, ari-arian, o katangian ng iba","[""Si Clara ay insekyora kaya't laging may sinasabi kapag may bagong gamit si Ana.""]",noun
75005e0c-6a03-4ae6-b546-0a28cab03244,2024-05-18 08:35:00.375048+00,"[""Jongoloids""]","[""Bobo""]",2024-05-18 08:35:00.375048+00,,,Isang mapanlait na termino na nangangahulugang kulang sa talino o hindi marunong,"[""Huwag mong tawaging jongoloids ang iyong kapatid dahil lahat tayo ay may kani-kaniyang kakayahan at kalakasan.\""""]",noun
3fd18b0a-dfbf-4529-9878-362d66b02683,2024-05-18 08:42:43.374694+00,"[""Jonta""]","[""Punta""]",2024-05-18 08:42:43.374694+00,,,Nangangahulugang pagtungo o paglalakbay patungo sa isang lugar,"[""May pista sa amin sa Sabado, jonta ka beh.""]",verb
0900c8c4-b4bd-4743-b08c-ac70173ba78f,2024-05-18 08:41:34.062598+00,"[""Berru""]","[""Beer""]",2024-05-18 08:41:34.062598+00,,,"Isang uri ng inumin na gawa mula sa fermented grains, karaniwang gawa mula sa barley. ","[""Nag-enjoy sila sa pag-inom ng berru habang nagpapahinga sa tahanan.""]",noun
de16b521-76fe-4c7f-9539-697539ac4433,2024-05-18 08:33:06.865064+00,"[""Bukes""]","[""Bukas""]",2024-05-18 08:33:06.865064+00,,,": Tumutukoy sa susunod na araw

: Nagsasaad na ang isang bagay ay hindi sarado","["": Bukas na ang aming lakad papuntang Baguio."","": Bukas pa ang tindahan kahit gabi na.""]",adverb
3f6c5310-3f15-4706-b0b8-d46d487d8ba7,2024-05-18 08:35:39.027026+00,"[""Kemerloo""]","[""Kutsilyo""]",2024-05-18 08:35:39.027026+00,,,"Isang matulis at matalim na kasangkapan na ginagamit sa paghiwa o paggupit ng mga bagay, karaniwang pagkain.","[""Gumamit siya ng kemerloo para hiwain ang mga gulay""]",noun
dd6749fa-79e2-49b4-af53-ef615caf2c0e,2024-05-18 08:31:24.85422+00,"[""Uranus""]","[""Puwet"",""Pwet""]",2024-05-18 08:31:24.85422+00,,,"Bahagi ng katawan na nasa ibabang likuran, na kilala rin bilang puwitan o pigi. Ito ay ang upuang bahagi ng katawan ng tao at iba pang mga hayop.","[""Napaupo siya nang bigla kaya sumakit ang kanyang uranus.""]",noun
2ffbf09e-9a18-4a9c-bbee-97f622788fa3,2024-05-18 08:30:00.430877+00,"[""Nyubuyak""]","[""Sibuyas""]",2024-05-18 08:30:00.430877+00,,,"Tumutukoy sa isang uri ng gulay na karaniwang ginagamit bilang pampalasa sa pagluluto. Ito ay may mga layer na balat at maaring may kulay puti, dilaw, o pula.","[""Naghiwa siya ng nyubuyak para idagdag sa nilulutong adobo.""]",noun
929917fb-196b-43d9-8f44-19efdbef5292,2024-05-18 08:28:40.327369+00,"[""Nyutasa""]","[""Mustasa""]",2024-05-18 08:28:40.327369+00,,,"Halamang-ugat na madalas gamitin bilang pampalasa sa mga pagkain, at karaniwang ginagamit sa mga sandwich, hotdog, o burger","[""Nilagyan niya ng nyutasa ang kanyang hotdog bago kainin""]",noun
ff222949-fbea-4380-afce-936720ca6fb1,2024-05-18 08:28:38.033632+00,"[""Shulubi""]","[""Pulubi""]",2024-05-18 08:28:38.033632+00,,,Tumutukoy sa isang tao na walang sapat na kayamanan o pinansyal na kagamitan at naghihirap sa buhay.,"[""Binigyan niya ng kaunting pera ang shulubi na naghihirap sa kalsada.""]",noun
a51f2738-3bf5-4584-841d-852f5fdd959f,2024-05-18 08:57:11.935942+00,"[""Holcim""]","[""Bisexual""]",2024-05-18 08:57:11.935942+00,,,"Isang  ekspresyon ng kasarian na ang tao ay nakakaramdam ng atraksiyon, romantiko man o sekswal, sa lalake at babae","[""Yung anak ni Aling Pacing, kaganda-gandang bata Holcim!""]",noun
05fe8352-ef16-4514-80ce-93a0fc2d8a09,2024-05-18 08:28:30.66136+00,"[""Jobanos""]","[""Labanos""]",2024-05-18 08:28:30.66136+00,,,"Isang uri ng gulay na mayroong puting laman at kulay-rosas o kulay-abo na balat. Ito ay karaniwang ginagamit sa mga lutuing gulay, at mayroon ding iba't ibang paggamit sa kulinarya.","[""Nagluto siya ng tinolang manok na may kasamang jobanos bilang gulay""]",noun
93695ad4-a471-40de-8c4d-ecba6a161bd1,2024-05-18 08:28:03.794545+00,"[""Luyaks""]","[""Luya""]",2024-05-18 08:28:03.794545+00,,,isang uri ng halamang-ugat na karaniwang Ginagamit bilang pampalasa sa mga lutuing Asyano. Ito ay may mapait na lasa at mayroong mga taglay na sustansya na nakakatulong sa pagdigeresyon.,"[""Ginamit niya ang luyaks bilang pampalasa sa kanyang nilutong sinigang na baboy""]",noun
691e1a9b-6762-4b5f-a783-67573553e2ea,2024-05-18 08:23:56.599156+00,"[""Nyongkamas""]","[""Singkamas""]",2024-05-18 08:23:56.599156+00,,,"Uri ng gulay na karaniwang kumakain ng hilaw. Ito ay mayroong maputing laman at may malutong na lasa, at karaniwang inuulam o iniimbak sa asin at suka bago kainin.","[""Masarap kainin ang nyongkamas kasama ng bagoong na may suka at asin.""]",noun
a9f8daa6-e47a-4f53-b092-c24dfbb9bf30,2024-05-18 08:09:13.314931+00,"[""Kalurkey""]","[""Kaloka""]",2024-05-18 08:09:13.314931+00,,,"Kolokyal na termino na ginagamit upang ipahayag ang pagkabigla, pagkamangha, o pagkabaliw sa isang sitwasyon o tao. Karaniwang ginagamit ito sa impormal na usapan upang magpahayag ng matinding reaksyon.","[""Kalurkey talaga ang dami ng tao sa mall kanina, parang may sale!""]",interjection
11a239a0-1501-400e-ab51-dc83d970c734,2024-05-18 08:23:25.449305+00,"[""Anek-Anek""]","[""sari-sari"",""Ano-ano""]",2024-05-18 08:23:25.449305+00,,,parirala na ginagamit upang tukuyin ang iba't ibang mga bagay o paksa. Ito ay kadalasang ginagamit sa pagtatanong tungkol sa maraming bagay.,"[""Anek-anek ang mga kinakailangan para sa proyekto natin sa eskwela?""]",adverb
88a55cbe-e62d-4575-b946-afee7bc1d44e,2024-05-18 08:22:49.008329+00,"[""Julamantrax""]","[""Halaman""]",2024-05-18 08:22:49.008329+00,,,"Anumang uri ng buhay na nagmumula sa kaharian ng mga halaman, kabilang ang mga puno, palumpong, damo, bulaklak, at iba pa. Ang mga halaman ay karaniwang ginagamit bilang dekorasyon, pagkain, o gamot.","[""Ang mga julamantrax sa hardin ay nagbibigay ng sariwang hangin at ganda sa paligid.""]",noun
915ea197-780b-4076-b42c-b59e31e61d70,2024-05-18 08:22:33.184479+00,"[""Kuberch""]","[""Kubo""]",2024-05-18 08:22:33.184479+00,,,"Isang maliit at simpleng bahay na karaniwang gawa sa kahoy, kawayan, at nipa o anahaw. Madalas itong matatagpuan sa mga probinsya at ginagamit bilang tirahan o pahingahan.","[""Nagpahinga kami sa kuberch pagkatapos ng mahabang araw ng pagtatrabaho sa bukid.""]",noun
1459126d-7328-4110-94cf-43cee0ed2f5f,2024-03-26 08:25:09.988297+00,"[""Ermingarde"",""Gardini""]","[""Sekyu"",""Security Guard""]",2024-03-26 08:25:09.988297+00,,,"Magbabantay tuwing Gabi kahit Umaga pa para maprotektahan ang isang establisyemento o lugar
","[""“Ang sosyal may emingarde sila.”""]",noun
6ca8edc6-b52d-4ff0-9569-accb60a0c183,2024-05-18 08:21:44.454193+00,"[""Jumutok""]","[""Pumutok""]",2024-05-18 08:21:44.454193+00,,,Nangangahulugang biglang pagsabog o paglabas ng isang bagay mula sa isang saradong espasyo dahil sa sobrang pressure o init. Maaari rin itong tumukoy sa biglaang pagsiklab o pag-alingawngaw ng tunog.,"[""Jumutok ang gulong ng kotse habang kami ay nasa daan.""]",verb
5c9804c3-a7da-497c-9927-806d0167cabb,2024-05-18 08:18:34.730649+00,"[""Awra""]","[""Umani ng atensyon""]",2024-05-18 08:18:34.730649+00,,,Salitang balbal na tumutukoy sa paraan ng pagdadala ng sarili na may kumpiyansa at istilo. Karaniwang ginagamit ito upang ilarawan ang isang tao na nagpapakita ng kanyang personalidad o kagandahan sa isang kapansin-pansing paraan.,"[""Nag-awra siya sa harap ng kamera, kaya't marami ang humanga sa kanyang ganda.\""""]",adjective
e5e602d0-953b-4af0-a3a8-0f1eb18c4295,2024-05-18 08:05:39.216596+00,"[""Shupatembang"",""Shupated"",""Jupiter""]","[""Kapatíd""]",2024-05-18 08:05:39.216596+00,,,"Isang tao na anak ng parehong mga magulang, maaari itong tumukoy sa kapatid na lalaki (brother) o kapatid na babae (sister).","[""Masaya akong kasama ang aking shupated sa paglalaro tuwing hapon.""]",noun
c396bbd8-d4be-49b8-939e-488354bde956,2024-05-18 08:15:25.744396+00,"[""Joinarett""]","[""Sinamahan""]",2024-05-18 08:15:25.744396+00,,,Nangangahulugang pagpunta o pakikipaglakbay kasama ang isang tao. Ipinapakita nito ang akto ng pagiging kasama o pag-accompany sa iba.,"[""Joinarett niya ang kanyang kaibigan sa pagpunta sa doktor.""]",verb
f5d5f65e-19e8-4af1-b705-03d474819c49,2024-05-18 08:11:37.677882+00,"[""Nota"",""Notakels""]","[""Ari ng lalaki""]",2024-05-18 08:11:37.677882+00,,,"Maselang bahagi ng katawan ng isang lalaki, na kilala rin bilang titi. Ito ay ginagamit sa medikal na konteksto o pormal na usapan.","[""Dapat turuan ang mga kabataan tungkol sa wastong pangangalaga sa kanilang notakels upang maiwasan ang mga sakit.""]",noun
5395c736-a271-4e5e-828c-5a291b9d3039,2024-05-18 08:04:10.257339+00,"[""Shunga"",""Shonga"",""Planggana""]","[""Tanga""]",2024-05-18 08:04:10.257339+00,,,Mapanlait na termino na nangangahulugang kulang sa talino o pag-unawa. Ginagamit ito upang ilarawan ang isang tao na itinuturing na hindi marunong o mabagal mag-isip.,"[""Huwag mong tawaging shunga ang iyong kapatid dahil nagkakamali lang siya minsan.""]",adjective
ad160618-f680-47e6-b902-7565c60f59db,2024-05-18 08:02:00.378724+00,"[""Spill the tea"",""Pour the tea""]","[""Sabihin mo na""]",2024-05-18 08:02:00.378724+00,,,Magpahayag ng isang bagay sa pamamagitan ng pagsasalita o pagsulat. Ito ay ginagamit upang mag-utos o magtanong kung ano ang dapat ipahayag.,"[""Spill the tea, sis upang malaman ko kung ano ang tunay na nangyari.""]",verb
67345607-339d-4dac-b824-481bee711fa6,2024-05-18 07:58:33.339266+00,"[""Mare"",""Mars"",""Kumare""]","[""Kaibigang babae""]",2024-05-18 07:58:33.339266+00,,,"Kolokyal na termino na ginagamit bilang tawagan ng magkaibigan, na katumbas ng ""bes,"" ""mare,"" o ""friend."" Madalas itong ginagamit sa impormal na usapan, lalo na sa mga kabataan o malalapit na magkaibigan.","[""Mars, sabay na tayong pumunta sa tindahan mamaya para mag-ayos ng gamit.""]",noun
46e473aa-c1d8-4961-b204-7e25fab5c129,2024-05-18 07:56:45.865364+00,"[""Kes""]","[""Ko""]",2024-05-18 07:56:45.865364+00,,,"Isang panghalip na nagpapahayag ng pagmamay-ari o pagiging bahagi ng nagsasalita. Ito ay katumbas ng ""my"" o ""mine"" sa Ingles.","[""Akin na ang libro kes, kailangan kes na itong basahin para sa klase bukas.\""""]",pronoun
f9affd7a-d70b-459d-bdf0-6ecca01b4ebf,2024-05-18 07:55:58.079472+00,"[""Gravity""]","[""Grabe 'te"",""Grabe ate""]",2024-05-18 07:55:58.079472+00,,,"Nagpapahayag ng matinding damdamin, maaaring positibo o negatibo. Ito ay karaniwang ginagamit upang magpakita ng labis na pagkabigla, paghanga, o pagkagalit.","[""Gravity ang lakas ng ulan kagabi, binaha ang buong kalsada.""]",interjection
0b945141-c463-4cc2-bb7a-4d92b6dd49fd,2024-05-18 07:55:23.862042+00,"[""Nyey""]","[""Niyo"",""Nyo""]",2024-05-18 07:55:23.862042+00,,,"Panghalip na pamilang na nagpapahayag ng pagmamay-ari o pagtukoy sa isang pangkat ng mga tao o bagay. Ito ay katumbas ng ""your"" sa Ingles.","[""Nilinis na namin ang aming bahay, sana nyey namang panatilihing malinis.""]",pronoun
e5b99edf-8528-4cfa-900f-8d9dcd5554d3,2024-05-18 07:55:22.022143+00,"[""Thinkalu""]","[""Isipin""]",2024-05-18 07:55:22.022143+00,,,mMagtangi o magbigay ng pansin sa isang bagay sa pamamagitan ng pag-iisip o pag-unawa rito. Ito ay isang pandiwa na nagpapahiwatig ng kilos o gawain ng pag-iisip.,"[""Thinkalou mong mabuti bago ka gumawa ng desisyon na maaaring magdulot ng malaking epekto sa iyong buhay.""]",verb
7f40fa08-7760-4975-a1f6-b03a11109212,2024-03-26 06:01:44.867218+00,"[""Jolina Magdangal""]","[""Mahuli""]",2024-03-26 06:01:44.867218+00,,,Tumutukoy sa pagtakbo nang mabilis upang maabutan o maagaw ang isang bagay o tao na unang lumakad o umalis.,"[""Huwag kang ma-Jolina Magdangal sa iyong trabaho kung nais mong makamit ang tagumpay.""]",verb
8395e771-929d-4e13-ba8b-a446bf55bae8,2024-03-26 06:00:08.53837+00,"[""Chanda Romero""]","[""Tiyan""]",2024-03-26 06:00:08.53837+00,,," Bahagi ng katawan ng tao kung saan naroroon ang tiyan o sikmura, ang bahagi ng tiyan sa pagitan ng dibdib at balakang.","[""Masakit ang aking Chanda Romero matapos kong kumain ng marami.\""""]",noun
2b6bdb09-36d1-46ad-ab08-eec25a72c82f,2024-03-26 05:57:18.60403+00,"[""Crayola""]","[""Umiiyak"",""Iyak"",""Cry""]",2024-03-26 05:57:18.60403+00,,,"Pagdaloy ng luha mula sa mga mata bilang reaksiyon sa emosyon tulad ng lungkot, galit, o kasiyahan.","[""Hindi napigilan ng bata na magcrayola nang mapansin niya na nawawala ang kanyang laruan.""]",verb
4b0fe868-b63e-4ef3-a986-ff06cb382fa9,2024-03-26 05:48:45.730776+00,"[""Daks"",""Dakota"",""Dako"",""Bigalou""]","[""Malaki""]",2024-03-26 05:48:45.730776+00,,,Nagpapahiwatig ng pagiging mataba o may malaking sukat o laki.,"[""Ang bahay ni Juan ay bigalou at may maraming silid.""]",adjective
ceb96a68-700d-44b8-aeb2-94d327d21937,2024-03-26 05:46:49.571195+00,"[""Winona Ryder""]","[""Aangkas ""]",2024-03-26 05:46:49.571195+00,,,"Pagbibigay ng pagkakataon sa ibang tao na sumakay o sumama sa isang sasakyan, karaniwang motor, ngunit hindi siya ang nagmamaneho.","[""Nagpaalam siya sa kaibigan na mag-Winona Ryder sa kanya papunta sa trabaho.""]",verb
86268579-0e31-4912-843a-c1dd3ffc1432,2024-03-26 05:45:27.867345+00,"[""Sunshine Dizon""]","[""Pagsikat ng araw""]",2024-03-26 05:45:27.867345+00,,,Tumutukoy sa oras kung kailan ang araw ay unti-unting lumalabas sa silanganang bahagi ng kalangitan tuwing umaga.,"[""Tuwing umaga, natutuwa ako sa magandang pananaw ng Sunshine Dizon mula sa aming bintana.""]",verb
a862edac-984a-48b5-89f2-20788ff43f84,2024-03-26 05:44:39.827376+00,"[""Skuala Lumpur""]","[""Squatter's Area""]",2024-03-26 05:44:39.827376+00,,,"Mga lugar na pansamantalang tinirahan ng mga tao na walang sariling lupa o bahay, kadalasang itinuturing na maralita.","[""Sa Skuala Lumpur, makikita mo ang kahalagahan ng pagtutulungan at pagkakaisa sa mga oras ng pangangailangan.""]",noun
07ce0077-f3d1-4ffc-9139-6dba8c1f4f1b,2024-03-26 05:39:58.104414+00,"[""Drivam""]","[""Driver""]",2024-03-26 05:39:58.104414+00,,,Tumukoy sa isang tsuper o nagmamaneho ng sasakyan.,"[""Ang drivam ng tricycle ay mahusay sa pagmamaneho at laging nagbibigay ng magandang serbisyo sa kanilang mga pasahero.""]",noun
b9daad48-c4dc-46c7-a667-df39831507ab,2024-03-26 05:34:35.838926+00,"[""Warla""]","[""Gulo-gulo"",""Away""]",2024-03-26 05:34:35.838926+00,,,"Nangangahulugang alitan, pagtatalo, o labanan sa pagitan ng dalawang o higit pang mga tao.","[""Madalas silang magkaroon ng warla dahil sa kanilang magkaibang pananaw ukol sa mga patakaran sa bahay.""]",verb
e873005b-1e1e-4920-bba0-60c7068fb267,2024-03-26 05:29:04.569198+00,"[""Sharon Cuneta"",""Sharon""]","[""Magbalot ng pagkain mula sa handaan""]",2024-03-26 05:29:04.569198+00,,,Ang pagkuha o pag-imbak ng pagkain mula sa isang handaan o piging upang dalhin sa bahay o para ipamahagi sa iba.,"[""\""Matapos ang okasyon, nagpasya kaming mag-Sharon Cuneta upang maiuwi at maibahagi sa mga kapitbahay.""]",verb
d493e38c-8e95-425f-a73c-d99e6d76e394,2024-03-25 06:37:09.902914+00,"[""48 Years"",""50 Golden Years"",""Ms Portugal"",""Katagalugan"",""Shogal""]","["" Matagal""]",2024-03-25 06:37:09.902914+00,,,Mahaba ang oras o panahon bago matapos ang isang bagay o pangyayari.,"[""\""48 years na kitang hindi nakita, kaya't sabik na sabik na akong makipagkwentuhan sa iyo.\""""]",adjective
1802fe71-8bd4-4ed3-a26c-0c1c93f8dc85,2024-03-25 06:47:33.561849+00,"[""Anaconda"",""Ahas""]","[""Traydor""]",2024-03-25 06:47:33.561849+00,,," Isang tao na nagtataksil o naglilihim ng masamang balak laban sa isang kaibigan, grupo, o bayan. ","[""\""Huwag kang magtitiwala sa kanya dahil siya ay isang anaconda at iniwan na niya ang kanyang mga kasama sa gitna ng labanan.\""""]",
08faf1a1-4309-4ab3-b615-5ebd967308e6,2024-03-25 03:34:47.003831+00,"[""Anakis"",""Junakis""]","[""Anak""]",2024-03-25 03:34:47.003831+00,,,"Supling ng mga magulang, maaaring isang bata, binatilyo, o dalaga. Ito ay maaaring tumukoy sa anak na lalaki o babae.","[""Mahal na mahal ng ina ang kanyang anakis at gagawin niya ang lahat para sa kanyang ikabubuti.""]",noun
dc9bfe46-9294-4046-a083-85c8b2bfafe2,2024-03-25 03:35:11.958839+00,"[""Anetch"",""Anekwaboom"",""Anetchewa"",""Aneklavum""]","[""Ano""]",2024-03-25 03:35:11.958839+00,,,Isang panghalip na ginagamit sa pagtatanong upang malaman o linawin ang isang bagay,"[""\""Anetch ang gagawin mo bukas pagkatapos ng klase?\""""]",pronoun
eb1d0c68-014f-4d01-84f3-b34b8922594d,2024-03-25 06:36:39.831272+00,"[""Antibiotic""]","[""Antipatika""]",2024-03-25 06:36:39.831272+00,,,"Hindi kanais-nais, hindi kaaya-aya, o hindi maganda ang ugali. Ito ay ginagamit upang ilarawan ang isang tao na mayroong mga negatibong katangian na nagiging sanhi ng hindi pagkagusto sa kanya ng iba.","[""\""Siya ay antibiotic kaya't wala siyang gaanong kaibigan sa paaralan.\""""]",
b22a8ca8-4183-4a15-b347-09668e069ac9,2024-03-25 03:36:50.067875+00,"[""Ateng""]","[""Ate""]",2024-03-25 03:36:50.067875+00,,,Paggalang at tawag sa nakatatandang kapatid na babae. Maaari rin itong gamitin bilang tanda ng paggalang sa isang babaeng mas matanda.,"[""\""Si Ateng Maria ang nag-alaga sa akin noong bata pa ako.\""""]",pronoun
72cec51d-e23d-4577-bc44-be98e1680531,2024-03-25 03:38:42.231974+00,"[""Babaita"",""Jobayels"",""Girlalu"",""Badiday"",""Girlash"",""Mirat""]","[""Babae""]",2024-03-25 03:38:42.231974+00,,,"Isang taong may kasarian na katumbas ng ""female"" o ""woman"" sa Ingles. Maaari itong tumukoy sa isang batang babae, dalaga, o matandang babae.","[""\""Ang babaita sa tindahan ay mabait at laging nakangiti sa mga mamimili.\""""]",noun
26bcc0af-7a90-42e9-b40f-38b42dca8239,2024-03-25 07:02:33.419526+00,"[""Balaj""]","[""Balahura"",""Pabaya""]",2024-03-25 07:02:33.419526+00,,,"Isang salitang balbal na ginagamit upang ilarawan ang isang tao na walang modo o walang galang, kadalasan ay bastos o walang pakundangan sa pananalita at kilos.","[""\""Ang mga sinabi niya tungkol sa akin ay balaj at hindi totoo, kaya hindi ko na siya kinausap.\""""]",adjective
0ae454f8-9e1c-4884-a695-a63bfe37c257,2024-03-25 06:48:47.77724+00,"[""Barbara Perez""]","[""Bara"",""Binara""]",2024-03-25 06:48:47.77724+00,,,"Isang hadlang o sagabal na pumipigil sa normal na daloy ng isang bagay. Maaari rin itong tumukoy sa isang bagay na nagiging sanhi ng pagbabara sa isang tubo, daanan, o anumang uri ng daluyan.","[""\""Nag-Barbara Perez ang lababo dahil sa mga naiwanang pagkain, kaya't kailangan itong linisin agad.\""""]",verb
805a3270-ef0c-43ce-a77d-d1c159933fe9,2024-03-25 03:40:51.330825+00,"[""Bayot"",""Jokla"",""Juding"",""Beki"",""Shokla"",""Baklush"",""Beklabu"",""Mariposa"",""X-Men""]","[""Bakla"",""Bading""]",2024-03-25 03:40:51.330825+00,,,Isang ekspresyon ng kasarian na ang lalaki ay may pagkakakilanlan o atraksyon sa kapwa lalaki. Ang terminong ito ay ginagamit upang ilarawan ang isang homoseksuwal na lalaki.,"[""\""Tanggap ng kanyang pamilya ang pagiging beki ni Jose at suportado nila siya sa lahat ng kanyang mga desisyon.\""""]",noun
7993fdf6-aeac-4dd4-99e3-f53218810570,2024-03-25 07:03:07.305689+00,"[""Bitter Ocampo""]","[""Nagngingitngit"",""Bitter""]",2024-03-25 07:03:07.305689+00,,,"Maaaring isalin bilang ""mapait"" kapag tumutukoy sa lasa, o ""mapait ang loob"" o ""masama ang loob"" kapag tumutukoy sa damdamin ng isang tao.","[""\""Bitter Ocampo ang lasa ng gamot na ito kaya mahirap inumin.\"""",""\""Masama ang loob ni Maria at Bitter Ocampo pa rin siya dahil sa nangyaring hiwalayan nila ng kanyang kasintahan.\""""]",
5240be71-7445-4edc-8424-88020a1c43bf,2024-03-25 07:23:58.442375+00,"[""Carmi Martin""]","[""Karma""]",2024-03-25 07:23:58.442375+00,,,"Konsepto ng sanhi at bunga, kung saan ang mabuting gawa ay nagbubunga ng mabuti at ang masamang gawa ay nagbubunga ng masama. Ito ay isang prinsipyo ng moral na pagbabalik sa isang tao batay sa kanyang mga aksyon.","[""\""Nanniniwala akong kakar-Carmi Martin din sya sa future.\""""]",
2ecccdf0-3129-416c-9a9b-8a861dbcf406,2024-03-25 03:43:52.37494+00,"[""Ces Drilon"",""Istress Drilon""]","[""Stress""]",2024-03-25 03:43:52.37494+00,,,"Pisikal o emosyonal na pagkapagod o tensyon na dulot ng iba't ibang mga pangyayari o sitwasyon. Ito ay maaaring sanhi ng trabaho, personal na problema, o kahit ng mga pangyayari sa kapaligiran.","[""\""Dahil sa dami ng kanyang trabaho, nakaramdam siya ng matinding Istress Drilon na nagdulot ng sakit ng ulo.\""""]",verb
d0e63f5d-a75e-4c76-8c2d-62e7dadd7ef6,2024-03-25 03:46:23.231104+00,"[""Chanda Romero"",""Thundercat"",""Gurang"",""Masyosyonda"",""Gurangets"",""Wrangler""]","[""Matanda""]",2024-03-25 03:46:23.231104+00,,,Isang taong may edad na o nasa yugto ng pagiging lolo o lola. Maaari rin itong tumukoy sa isang bagay na luma na o nagtagal na.,"[""\""Ang Chanda Romero sa aming barangay ay kilala sa kanyang mga kwento tungkol sa kasaysayan ng lugar namin.\""""]",adjective
80f4a5cd-d8dd-4e80-b2ed-689c76729174,2024-03-25 03:49:01.366358+00,"[""Chikadora"",""Chismakers"",""Siete Pecados""]","[""Tsismosa""]",2024-03-25 03:49:01.366358+00,,,"Isang tao, kadalasang babae, na mahilig magkalat o makialam sa tsismis o balitang walang katiyakan ang katotohanan.","[""\""Si Aling Nena ay kilalang chikadora sa aming barangay, kaya't lahat ng balita tungkol sa mga kapitbahay ay alam niya.\""""]",noun
62c5c85a-1478-450f-a0dd-8ddadfd51b6d,2024-03-25 03:49:44.102487+00,"[""Chipipay"",""Tsip"",""Badodels"",""Dyologs""]","[""Baduy""]",2024-03-25 03:49:44.102487+00,,,"Isang salitang balbal na tumutukoy sa isang bagay o tao na hindi naaayon sa uso, walang porma, o hindi maganda ang istilo. Madalas itong ginagamit upang ilarawan ang mga damit, gawi, o kilos na itinuturing na hindi kaakit-akit o hindi cool.","[""\""Chipipay ang suot niyang damit kahapon, kaya pinagtawanan siya ng kanyang mga kaklase.\""""]",adjective
75368236-edf0-42ce-8d31-2b5725327e5a,2024-03-25 03:50:09.835219+00,"[""Chocolate""]","[""Maitim ang balat""]",2024-03-25 03:50:09.835219+00,,,Kulay ng balat ng isang tao na tila mas madilim kaysa sa karaniwan. Karaniwang ginagamit ang terminong ito para ilarawan ang mga taong may kulay ng balat na itim o malapit sa kulay ng itim.,"[""\""Kahit na chocolate siya, si Juan ay kilalang guwapo at mabait na kababayan.\""""]",adjective
cd06cf26-a79b-4390-a07b-cc4562005686,2024-03-25 07:08:05.087893+00,"[""Coffeemate""]","[""Magising sa Katotohanan""]",2024-03-25 07:08:05.087893+00,,,"Isang idyoma na nangangahulugang pagkilala o pagtanggap sa totoong sitwasyon, bagay, o katotohanan sa kabila ng pagiging mahirap o masakit nito. Ito ay isang pagpapakita ng matatag na pag-unawa at pagtanggap sa realidad.","[""\""Matapos ang ilang buwan ng pagtanggi, wakas na niyang natutunan na Coffeemate na hindi na sila magkasama ng kanyang dating kaibigan.\""""]",noun
898646f6-dc91-493d-8f27-eafa60c65792,2024-03-25 06:59:54.100418+00,"[""Compared to Lugaw""]","[""Kaysa Wala""]",2024-03-25 06:59:54.100418+00,,,Isang idyoma sa Tagalog na nangangahulugang mas mahusay o mas mabuti pa rin kahit pa maliit lamang ang pagkakaiba o ang kakulangan. Ito ay nagpapahiwatig ng pagpapahalaga sa kahit na anong bagay na mayroon kaysa sa wala.,"[""\""Mas pinipili ko pa rin ang simpleng bahay na ito caompared to lugaw. \""""]",noun
b65f7228-4c6e-4ce8-8813-6a40aa270842,2024-03-25 06:54:36.724804+00,"[""Daot""]","[""Insulto""]",2024-03-25 06:54:36.724804+00,,,"Isang salita, kilos, o gawi na nagdudulot ng pagpapahiya, pagkasaktan, o pagkaasar sa damdamin ng ibang tao. Ito ay isang hindi magandang gawain na maaring makaapekto sa relasyon at pagkakaibigan.","[""\""Ang pagsasabi ng masasakit na salita ay isang uri ng daot na maaaring makasira sa pag-uugnayan ng mga tao.\""""]",
991de5ce-ab4a-4467-91dd-21ef23ef7807,2024-03-25 03:51:08.805286+00,"[""Duty Free"",""Jutay"",""Chiquito"",""Chisay"",""Juty Fry"",""Juts"",""Jotis""]","[""Maliit"",""Munti""]",2024-03-25 03:51:08.805286+00,,,"Nagpapahiwatig ng hindi malaki o hindi mataas ang sukat, lawak, o taas ng isang bagay. Maaari itong tumukoy sa kabuuang sukat, bilang, o kahalagahan ng isang bagay.","[""\""Ang bahay ni Maria ay chisay lamang subalit puno ng pagmamahal at kasiyahan.\""""]",adjective
6e97cf6b-f630-4567-b9d8-b6704e2ec198,2024-03-25 03:53:17.574383+00,"[""Dyowa"",""Watut"",""Jowa"",""Jowabels""]","[""Karelasyon""]",2024-03-25 03:53:17.574383+00,,,"Isang tao na may romantikong ugnayan o relasyon sa ibang tao. Ito ay maaaring maging kasintahan, nobyo, nobya, asawa, o kahit na kasintahan sa labas ng kasal.","[""\""Matagal na silang magkawatut ni Ana, at balak na nilang magpakasal sa susunod na taon.\""""]",noun
b3a554dd-e800-4a9d-98ee-9383a4bd0da3,2024-03-25 03:54:28.775488+00,"[""Echoserang Palaka"",""Echoserang Froglet""]","[""Sinungaling""]",2024-03-25 03:54:28.775488+00,,,Isang tao na madalas magsinungaling o hindi nagsasabi ng totoo. Ito ay isang negatibong katangian na nagdudulot ng kawalan ng tiwala sa iba.,"[""\""Hindi maganda ang magiging reputasyon mo kung ikaw ay kilala bilang isang echoserang palaka.\""""]",noun
57fb8926-c40b-4fd1-8875-3b84264eb6e6,2024-03-25 06:55:51.906515+00,"[""Eksena"",""Eksenadora""]","[""Mahilig Pumapel"",""Mahilig Sumabat""]",2024-03-25 06:55:51.906515+00,,,"Tumutukoy sa isang tao na madalas na sumasali o nagsasalita nang biglaan sa isang usapan o talakayan, kahit hindi siya direktang tinatanong o kinakausap. Ito ay maaaring isang negatibong katangian kung ito ay labis na ginagamit at hindi nire-respeto ang proseso ng pag-uusap.","[""\""Siya ay mahilig umeksena sa usapan kahit hindi naman siya kasali sa pag-uusap.\""""]",adjective
cdf19c36-66be-490e-b16a-d65531ed05c7,2024-03-25 07:10:55.212053+00,"[""Enter the Dragon"",""Entourage""]","[""Pasok""]",2024-03-25 07:10:55.212053+00,,,"Tumukoy sa pagpasok o paglabas ng isang bagay o tao sa isang lugar. ","[""\""Nag-entourage siya sa silid-aralan nang maaga upang makapag-aral ng mabuti bago ang pagsusulit.\""""]",verb
51362be3-ed59-44b3-b17f-d8f13472ad9c,2024-03-25 03:45:24.775534+00,"[""Chaka"",""Kurimaw"",""Jongit"","" Chakarina Sanchez"",""Thunderlu"",""Syongit"",""Chuckie"",""Chamita""]","[""Pangit""]",2024-03-25 03:45:24.775534+00,,,"Tumutukoy sa isang bagay, lugar, o tao na hindi maganda ang hitsura o hindi kaaya-aya sa paningin ng karamihan. Ito ay kabaligtaran ng ""maganda""","[""\""Kahit syongit ang panahon, masaya pa rin kami sa aming paglalakbay dahil sa magandang samahan.\""""]",adjective
af0448b1-29b2-4b96-a734-036f33f15aa3,2024-03-25 03:55:25.19069+00,"[""Fudang"",""Lapang""]","[""Pagkain""]",2024-03-25 03:55:25.19069+00,,,"Anumang sustansiya o produkto na kinakain ng tao o hayop upang mabuhay at magkaroon ng lakas. Ito ay maaaring mula sa mga halaman, hayop, o iba pang pinagkukunan ng enerhiya at sustansya.","[""\""Ang masustansyang fudang tulad ng gulay at prutas ay importante para sa kalusugan ng katawan.\""""]",noun
33c4ef7d-3ba1-4f19-9251-4403d2b58ac5,2024-03-25 03:47:57.457131+00,"[""Gorabels"",""Taralets"",""Cheverlu"",""Fly"",""Gora""]","[""Umalis"",""Alis""]",2024-03-25 03:47:57.457131+00,,,"Nangangahulugang paglisan o paglayo mula sa isang lugar, sitwasyon, o kondisyon.","[""\""Gumorabels si Maria ng maaga upang makaiwas sa traffic papunta sa trabaho.\""""]",verb
0fc44aa4-36be-431b-9271-a2cd46eea6ed,2024-03-25 03:58:51.998014+00,"[""HagarDina Bonnavie""]","[""Pagod na Maganda""]",2024-03-25 03:58:51.998014+00,,,Idyomatikong pahayag na nangangahulugang ang isang tao ay mukhang pagod o napapagod sa kabila ng kanyang magandang hitsura. Ito ay isang paraan ng pagsasalarawan na nagpapakita ng kontrast sa pagitan ng pisikal na anyo at damdamin o kalagayan.,"[""\""Kahiy pagod si Anita, HagarDina Bonnavie pa rin.\""""]",adjective
d0694895-4919-42f7-b9e7-a476c6949ac7,2024-03-25 04:00:28.275396+00,"[""Hitachi"",""Katrina"",""Hitad"",""Pandot""]","[""Malandi""]",2024-03-25 04:00:28.275396+00,,,"Tumutukoy sa isang tao na mahilig magpakita ng kahalayan o pagiging flirty, lalo na sa pakikipag-ugnayan sa ibang tao, kadalasang sa konteksto ng romantic o sexual na ugnayan.","[""\""Ang hitad, hinalikan yata lahat ng tao dito sa bar.\""""]",noun
22f2e5d1-f805-42c0-956d-986f39e15b7e,2024-03-25 06:59:08.220003+00,"[""In Fairness""]","[""Pampalubag Loob""]",2024-03-25 06:59:08.220003+00,,,"Tumutukoy sa isang bagay o gawain na nagbibigay ng komporta, aliw, o ginhawa sa damdamin ng isang tao, lalo na sa panahon ng kalungkutan o panghihina ng loob.","[""\""In fairness, kahit mukhang suka masarap ang luto.\""\""""]",
a2170cc0-9611-4dce-a98e-fc81ae415fc8,2024-03-25 04:05:49.548149+00,"[""Indiana Jones"",""Pocahontas""]","[""Hindi Sinipot""]",2024-03-25 04:05:49.548149+00,,,Nagpapahiwatig ng hindi pagdating o hindi pagdalo ng isang tao sa isang naunang napagkasunduang lugar o okasyon. Ito ay madalas na nagdudulot ng panghihinayang o pagkadismaya sa mga nag-aabang.,"[""\""Na-Indiana Jones  si bakla nung ka-blind date nya.\""""]",verb